Hyllypaikka,Tekij√§,Nimeke,ISBN/ISSN,Julkaisuvuosi,Lainojen lkm.
84.2 D,"Jokinen, Seppo, kirjoittaja.",Kuolevaksi julistettu,978-952-289-239-3,2015,3845
84.2,"Nopola, Sinikka.",Risto R√§pp√§√§j√§ ja viimeinen t√∂tter√∂,978-951-31-3899-8,2007,2773
85.22,"Havukainen, Aino.",Tatun ja Patun kummat keksinn√∂t kautta aikojen,978-951-1-27544-2,2013,2762
84.2 H ,"Nopola, Sinikka, kirjoittaja.",Risto R√§pp√§√§j√§ ja kuuluisa Kamilla,978-951-31-4998-7,2009,2690
84.2,"Jokinen, Seppo.",Mustat syd√§met,978-952-289-136-5,2014,2534
84.2,"Nopola, Sinikka.",Risto R√§pp√§√§j√§ ja villi kone,978-951-31-3732-8,2006,2516
85.22,"Havukainen, Aino.",Tatun ja Patun avaruusseikkailu,978-951-1-25460-7,2011,2478
84.2 H,"Nopola, Sinikka.",Risto R√§pp√§√§j√§ ja Sevillan saituri,978-951-31-7997-7,2014,2470
84.2 H,"Nopola, Sinikka, kirjoittaja.",Risto R√§pp√§√§j√§ ja kaksoisolento,978-951-31-7348-7,2013,2439
84.2,"Nopola, Sinikka, kirjoittaja.",Risto R√§pp√§√§j√§ ja komea Kullervo,978-951-31-2550-9,2002,2438
85.12 LA,"Nopola, Sinikka, kirjoittaja.",Risto R√§pp√§√§j√§ saa is√§n,978-951-31-5147-8,2011,2430
85.22,"Havukainen, Aino.",Tatu ja Patu supersankareina,978-951-1-24541-4,2010,2416
84.2,"Nopola, Sinikka, kirjoittaja.",Risto R√§pp√§√§j√§ ja sitke√§ finni,951-31-2772-9,2003,2405
85.22,"Havukainen, Aino.",Tatu ja Patu p√§iv√§kodissa,978-951-1-19658-7,2004,2396
85.22 KU,"Havukainen, Aino.",Tatu ja Patu ty√∂n touhussa,978-951-1-21314-7,2006,2382
84.2,"Nopola, Sinikka, kirjoittaja.",Risto R√§pp√§√§j√§ ja Nuudelip√§√§,978-951-31-1478-7,2000,2372
84.2,"Nopola, Sinikka, kirjoittaja.",Risto R√§pp√§√§j√§ ja kauhea makkara,951-31-1145-8,1998,2346
84.2,"Nopola, Sinikka, kirjoittaja.",Risto R√§pp√§√§j√§ ja Hilpuri Tilli,951-31-3116-5,2004,2285
84.2,"Nopola, Sinikka, kirjoittaja.",Risto R√§pp√§√§j√§ ja nukkavieru Nelli,978-951-31-6874-2,2012,2250
84.2,"H√§rk√∂nen, Anna-Leena.",Kaikki oikein,978-951-1-27316-5,2014,2237
84.2,"Nopola, Sinikka, kirjoittaja.","Hetki ly√∂, Risto R√§pp√§√§j√§",978-951-31-0995-0,1997,2230
85.22,"Havukainen, Aino.",Tatun ja Patun Suomi,978-951-1-21915-6,2007,2218
84.2,"Jungstedt, Mari, kirjoittaja.",Viimeinen n√§yt√∂s,978-951-1-26964-9,2015,2217
84.2,"Mustonen, Enni, kirjoittaja.",Em√§nn√∂itsij√§,978-951-1-27583-1,2015,2203
84.2,"Mustonen, Enni, kirjoittaja.",Lapsenpiika,978-951-1-27582-4,2014,2182
84.2,"Kivel√§, Anneli, kirjoittaja.",Taikatemppuja Katajam√§ell√§,978-951-23-5964-6,2015,2141
84.2,"Nuotio, Eppu, kirjoittaja.",Mutta min√§ rakastan sinua : romaani,978-951-1-26974-8,2015,2137
84.2,"Nopola, Sinikka, kirjoittaja.",Risto R√§pp√§√§j√§ ja pakastaja-Elvi,951-31-2050-3,2001,2125
85.22,"Havukainen, Aino.",Tatun ja Patun oudot kojeet,978-951-1-20084-0,2005,2123
84.2,"Nesb√∏, Jo, kirjoittaja.",Verta lumella. Osa I /,978-951-0-40668-7,2015,2121
85.22,"Havukainen, Aino.",Tatun ja Patun outo unikirja,978-951-1-22673-4,2008,2074
85.22,"Havukainen, Aino.",Tatun ja Patun oudot aakkoset,978-951-1-23687-0,2009,1966
68.2,"Havukainen, Aino.","Tatu ja Patu, sy√∂m√§√§n! : k√§sikirja kaikille niille, jotka ovat joskus sy√∂neet, sy√∂v√§t juuri nyt tai suunnittelevat sy√∂v√§ns√§",978-951-1-28239-6,2014,1885
85.22,"Havukainen, Aino.",Tatu ja Patu Helsingiss√§,978-951-1-26284-8,2012,1867
84.2,"Lehtinen, Tuija, kirjoittaja.",Armon aika,978-951-1-28219-8,2014,1866
84.2,"Rauhala, Pauliina.",Taivaslaulu,978-951-20-9128-7,2013,1859
84.2 D,"L√§ckberg, Camilla, kirjoittaja.",Leijonankesytt√§j√§,978-951-20-9564-3,2015,1846
84.2,"Kinnunen, Tommi.",Nelj√§ntienristeys,978-951-0-40382-2,2014,1799
84.2,"Valtonen, Jussi, kirjoittaja.",He eiv√§t tied√§ mit√§ tekev√§t : romaani,978-951-31-7429-3,2014,1773
84.2,"Kyr√∂, Tuomas.","Ilosia aikoja, Mielens√§pahoittaja",978-951-0-40762-2,2014,1759
84.2,"K√§hk√∂nen, Sirpa.",Graniittimies,978-951-1-28097-2,2014,1719
84.2 D,"Jokinen, Seppo.",Vihan sukua,978-952-289-047-4,2013,1705
84.2,"Jungstedt, Mari, kirjoittaja.",Joka yksin kulkee,978-951-1-28777-3,2015,1692
84.2,"Lindgren, Minna, kirjoittaja.",Ehtoolehdon tuho,978-951-851-646-3,2015,1690
84.2 D,"Nesb√∏, Jo, kirjoittaja.",Is√§ns√§ poika,978-951-0-40856-8,2014,1652
84.2,"Rissanen, Pirjo, kirjoittaja.",Terveisi√§ Armille,978-951-20-9960-3,2015,1623
79.8,"Havukainen, Aino.","Tatu ja Patu pihalla : k√§sikirja kaikille niille, joilla ei ole mit√§√§n tekemist√§ ja niille, jotka ovat jo unohtaneet leikkimisen jalon taidon",978-951-1-26553-5,2012,1609
84.2,"Tuominen, Pirjo.","Toinen silm√§ p√§iv√§, toinen y√∂ : j√§nnitysromaani",978-951-31-7884-0,2014,1574
84.2,"Kepler, Lars, kirjoittaja.",Vainooja : rikosromaani,978-951-31-8141-3,2015,1514
84.2,"Olsson, Linda, kirjoittaja.",Kun mustarastas laulaa,978-951-20-9626-8,2015,1512
84.2 D,"Lehtolainen, Leena, kirjoittaja.",Surunpotku,978-951-31-8527-5,2015,1501
84.2,"H√§rk√∂nen, Anna-Leena, kirjoittaja.",Ihana n√§h√§! : ja muita kirjoituksia,978-951-1-28341-6,2015,1494
84.2 H,"Pilkey, Dav, kirjoittaja.",Kapteeni Kalsari ja Hippi Helihousun hirvitt√§v√§ paluu,978-951-31-7754-6,2014,1488
84.2,"M√§ki, Reijo, kirjoittaja.",Tulivuori,978-951-1-29066-7,2015,1487
84.2,"Leon, Donna, kirjoittaja.",Kultamuna,978-951-1-28607-3,2015,1484
84.2,"Pakkanen, Outi.",Marius,978-952-289-137-2,2014,1476
84.2,"Jokinen, Seppo.",Hervantalainen,978-952-5918-71-7,2012,1460
84.2,"Nopola, Sinikka.",Risto R√§pp√§√§j√§ : eritt√§in salainen - top secret,978-951-31-4473-9,2008,1434
85.22,"Wieslander, Jujja, kirjoittaja.",Mimmi Lehm√§ uimahallissa,978-951-883-631-8,2014,1409
84.2 D,"Remes, Ilkka, kirjoittaja.",Horna,978-951-0-40702-8,2014,1406
84.2 J√ÑN,"Sipil√§, Jarkko, kirjoittaja.",Mies kuumasta,978-952-289-243-0,2015,1392
84.2,"Kivel√§, Anneli.",Valoa ja varjoa Katajam√§ell√§,978-951-23-5798-7,2014,1381
84.2,"Arhippa, Pirkko, kirjoittaja.",Parhain s√§ oot : j√§nnitysromaani,978-951-883-633-2,2014,1368
84.2,"Vallgren, Carl-Johan, kirjoittaja.",Varjopoika,978-951-1-28251-8,2015,1352
85.22,"Kunnas, Mauri.",Aarresaari : kunnasmainen tulkinta Robert Louis Stevensonin klassikosta,978-951-1-26442-2,2012,1345
85.22,"Kunnas, Mauri, taiteilija, kirjoittaja.",Herra Hakkarainen harrastaa,978-951-1-24246-8,2014,1344
84.2,"Mustonen, Enni.",Paimentytt√∂,978-951-1-27207-6,2013,1343
3,"Guinness world records 2015, suomi",Guinness world records 2015,978-951-32-3988-6,2014,1313
84.2,"Parvela, Timo, kirjoittaja.",Ella ja kaverit lapsenvahteina,978-951-31-8267-0,2015,1308
85.22,"Havukainen, Aino.",Veera ja maatalon el√§imet,951-1-17448-7,2001,1304
84.2,"Lehtolainen, Leena.",Kuusi kohtausta Sadusta,978-951-31-8028-7,2014,1301
85.32 H,"Pilkey, Dav.",Supervaippavauvan seikkailut : Erno Parran ja Huuko Hollinsin ensimm√§inen sarjakuvaromaani,978-951-31-7145-2,2013,1299
84.2,"Kyt√∂m√§ki, Anni.",Kultarinta,978-951-20-9484-4,2014,1294
84.2,"Rowling, J. K.",Harry Potter ja viisasten kivi,978-951-31-1146-5,1998,1291
84.2,"Jansson, Anna, kirjoittaja.",Amorin kiehkurat,978-951-20-9655-8,2014,1278
84.2,"Nopola, Sinikka, kirjoittaja.",Risto R√§pp√§√§j√§ ja y√∂haukka,978-951-31-8508-4,2015,1268
84.2,"Lindgren, Minna.",Ehtoolehdon pakolaiset,978-951-851-584-8,2014,1264
84.2,"Clark, Mary Higgins, kirjoittaja.",Katse menneisyydest√§,978-951-31-7993-9,2015,1254
84.2 J√ÑN,"Jansson, Anna, kirjoittaja.",H√§m√§r√§n lapset,978-951-20-9839-2,2015,1246
78.993,"Heikkinen, Antti, kirjoittaja.",Risainen el√§m√§ : Juice Leskinen 1950-2006,978-952-234-189-1,2014,1236
85.22,"Havukainen, Aino.",Veeran keitti√∂puuhat,951-1-18221-8,2002,1219
84.2,"Ropponen, Markku, kirjoittaja.",Kuhala ja vapaa pudotus,978-951-31-8218-2,2015,1193
84.2,"Sandberg, Timo, kirjoittaja.",H√§r√§nsilm√§ : j√§nnitysromaani,978-951-23-5909-7,2015,1190
84.2,"Sipil√§, Jarkko.",Luupuisto,978-952-289-140-2,2014,1183
84.2 D,"Tuominen, Pirjo, kirjoittaja.",Varjo vierell√§ k√§y,978-951-31-8511-4,2015,1176
84.2,"Steel, Danielle, kirjoittaja.",Veren perint√∂,978-951-0-40894-0,2015,1172
84.2,"Jansson, Anna.",Tuhopolttaja,978-951-20-9470-7,2014,1164
84.2,"Orkoma, Marja, kirjoittaja.",Villiminttu & Vetoketju,978-951-883-695-0,2015,1162
3,Guinness world records 2014.,Guinness world records 2014,978-951-32-3784-4,2013,1160
84.2 H,"Nopola, Sinikka.",RR kuin Risto R√§pp√§√§j√§,978-951-31-5718-0,2010,1152
84.2 D,"Jokinen, Seppo.",R√§√§t√§l√∂ity ratkaisu,978-951-23-5305-7,2010,1146
84.2,"Kinney, Jeff.","Neropatin p√§iv√§kirja. [7], Kolmas py√∂r√§ /",978-951-0-40697-7,2014,1135
84.2,"Kinney, Jeff.","Neropatin p√§iv√§kirja. 5, Karu totuus : Greg Heffleyn julkaisu /",978-951-0-39649-0,2012,1134
84.2,"Rowling, J. K.",Harry Potter ja salaisuuksien kammio,978-951-31-1472-5,1999,1128
84.2,"Jungstedt, Mari.",Nelj√§s uhri,978-951-1-26963-2,2014,1120
85.22,"Kunnas, Mauri.",Herra Hakkaraisen seitsem√§n ihmett√§,978-951-1-22929-2,2008,1117
84.2,"Steel, Danielle, kirjoittaja.",Perhesiteit√§,978-951-0-40281-8,2014,1108
99.1,"Haapasalo, Ville, kirjoittaja.","Et muuten t√§t√§k√§√§n usko..."" : Ville Haapasalon 2000-luku Ven√§j√§ll√§""",978-952-291-071-4,2014,1089
84.2,"Pakkanen, Outi, kirjoittaja.",Helle,978-951-1-29068-1,2015,1083
84.2,"Kinney, Jeff.",Neropatin p√§iv√§kirja : Greg Heffleyn julkaisu,978-951-0-35482-7,2009,1080
84.2,"Jokinen, Seppo.",Ajomies,978-952-5918-25-0,2011,1080
84.2,"Ropponen, Markku, kirjoittaja.",Laskevan auringon talo,978-952-289-141-9,2014,1078
84.2,"Tervo, Jari, kirjoittaja.",Pyrst√∂t√§hti,978-951-0-40987-9,2015,1076
85.22,"Wieslander, Jujja.",Lehm√§ liukum√§ess√§,951-882-365-0,2003,1074
85.22,"Nordqvist, Sven.",Viiru muuttaa,978-951-31-6844-5,2012,1073
84.2,"Kettu, Katja.",K√§til√∂ : romaani,978-951-0-38200-4,2011,1071
84.2,"Kes√§vuori, Saara, kirjoittaja.",Musta hevonen,978-951-31-8281-6,2015,1069
84.2,"Roberts, Nora, kirjoittaja.",Varjojen saalistaja,978-951-20-9628-2,2015,1065
85.22,"Wieslander, Jujja.",Lehm√§ saa laastarin,978-951-882-596-1,2006,1065
84.2,"Tervo, Jari.",Revontultentie,978-951-0-40763-9,2014,1062
84.2 H,"Widmark, Martin, kirjoittaja.",Uimahallin arvoitus,978-951-31-7876-5,2014,1062
84.2,"Kinney, Jeff.","Neropatin p√§iv√§kirja : [sarjakuvaromaani]. 6, Lunta tupaan /",978-951-0-39931-6,2013,1057
84.2 D,"Lehtolainen, Leena.",Rautakolmio,978-951-31-7423-1,2013,1054
84.2,"Kinney, Jeff.","Neropatin p√§iv√§kirja. 4, Kovan onnen kes√§ : Greg Heffleyn julkaisu /",978-951-0-38693-4,2012,1051
84.2,"Roberts, Nora, kirjoittaja.",Etsij√§t,978-951-20-9571-1,2014,1050
84.2,"Hallberg, Lin, kirjoittaja.","Maalla on mukavaa, Sinttu",978-951-31-8198-7,2014,1049
84.2,"Lindgren, Minna.",Kuolema Ehtoolehdossa,978-951-851-505-3,2013,1048
85.22,"Kunnas, Mauri.",Koirien Kalevala,951-1-12244-4,1992,1037
85.22,"Kunnas, Mauri.",Robin Hood,978-951-1-23672-6,2009,1030
84.2,"Varis, Tuula-Liina, kirjoittaja.",Naisen paras yst√§v√§,978-951-0-40764-6,2014,1027
84.2,"M√§ki, Reijo.",Cowboy,978-951-1-28217-4,2014,1024
84.2 H,"Parvela, Timo.",Ella ja kaverit karkaavat koulusta,978-951-31-7994-6,2014,1023
85.22,"Kunnas, Mauri.",Hui kauhistus!,978-951-1-08578-2,1985,1021
84.2,"Nyk√§nen, Harri.",Mullasta maan,978-952-289-213-3,2014,1019
84.2,"H√§meen-Anttila, Virpi.",Y√∂n syd√§n on j√§√§t√§ : kolme viikkoa Karl Axel Bj√∂rkin el√§m√§ss√§ maaliskuussa 1921,978-951-1-28214-3,2014,1019
84.2,"Kettu, Katja, kirjoittaja.",Y√∂perhonen : romaani,978-951-0-41279-4,2015,1018
84.2 H,"Parvela, Timo.",Ella ja kaverit menev√§t mets√§√§n,978-951-31-5997-9,2013,1017
84.2,"Statovci, Pajtim.",Kissani Jugoslavia,978-951-1-26978-6,2014,1015
84.2,"Sund, Erik Axl, kirjoittaja.",Lasiruumiit,978-951-1-28729-2,2015,1015
84.2,"Kinney, Jeff.","Neropatin p√§iv√§kirja. 3, Viimeinen oljenkorsi : Greg Heffleyn julkaisu /",978-951-0-37085-8,2011,1014
84.2,"Rowling, J. K.",Harry Potter ja Azkabanin vanki,951-31-1737-5,2000,1006
84.2,"Roberts, Nora.",Ovi syd√§meen,978-951-20-8811-9,2014,1005
84.2,"Vaahtera, Veera, kirjoittaja.",Sattumalta sinun,978-951-31-8222-9,2015,1002
85.22,"Kunnas, Mauri.",Koiram√§en lapset ja n√§kki,978-951-1-21898-2,2007,999
85.22,"Wieslander, Jujja.",Lehm√§ kelkkam√§ess√§,978-951-873-463-8,1994,998
84.2,"Pakkanen, Outi.",Rakastaja,978-951-1-27363-9,2013,997
84.2,"M√§ki, Reijo, kirjoittaja.",Siivell√§ el√§j√§ : kohtaamisia enkeleiden kanssa,978-951-1-28622-6,2015,997
84.2,"Kinney, Jeff.","Neropatin p√§iv√§kirja. 2, Isoveli isottelee :Greg Heffleyn julkaisu",978-951-0-36036-1,2010,993
85.22,"Kunnas, Mauri.",Kaikkien aikojen avaruuskirja,978-951-1-21600-1,2007,982
84.2,"Orkoma, Marja.",Pepperoni & pikilanka,978-951-883-584-7,2014,981
84.2,"Moyes, Jojo, kirjoittaja.",Kerro minulle jotain hyv√§√§,978-951-20-9836-1,2015,978
3,Guinness world records 2013.,Guinness world records 2013,978-951-32-3486-7,2012,978
84.2,"Parvela, Timo.",Paten aikakirjat,978-951-31-7800-0,2014,978
84.2,"Pilkey, Dav.","Kapteeni Kalsarin ja S√§hk√∂r√§k√§j√§tk√§n iso paha taistelu. 2. osa, Roimien Robor√§kien kosto /",951-31-3148-3,2004,975
84.2,"Parvela, Timo.",Ella ja kadonnut karttakeppi,978-951-31-5996-2,2012,974
84.2,"Sten, Viveca, kirjoittaja.",Sotilaiden salaisuudet,978-951-0-40877-3,2015,974
84.2,"Mustonen, Enni.",Kultarikko,978-951-1-26353-1,2012,969
84.2,"Camilleri, Andrea, kirjoittaja.",Paperikuu,978-951-0-40275-7,2015,966
84.2,"Pilkey, Dav.",Kapteeni Kalsari ja professori Poksup√∂ksyn piinalliset puuhat,951-31-2841-5,2003,965
85.22,"Havukainen, Aino.",Veera l√§√§k√§riss√§,951-1-16018-4,1999,965
85.22,"Kunnas, Mauri.",Suuri urheilukirja,951-1-07518-7,1988,960
85.22,"Nopola, Sinikka.","Hein√§hattu, Vilttitossu ja Kalju-Koponen",978-951-31-5943-6,2012,957
85.22,"Wieslander, Jujja.",Lehm√§ siivoaa kotinsa,978-951-873-703-5,1997,951
84.2,"Cleeves, Ann, kirjoittaja.",Satamakatu,978-951-23-5884-7,2015,949
85.22,"Wieslander, Jujja.",Lehm√§ rakentaa majan,951-873-558-1,1995,947
84.2,"P√§ttikangas, Eira.",Kuinka monta iltaa,978-951-23-5764-2,2014,944
84.2,"Pilkey, Dav.",Kapteeni Kalsari ja violetin vessan v√§en vinha vahinko,978-951-31-3831-8,2007,943
85.22,"Havukainen, Aino.",Veera ja menopelit,951-1-16562-3,2000,942
84.2,"Hotakainen, Kari, kirjoittaja.",Henkireik√§,978-952-234-316-1,2015,942
84.2,"Oksanen, Sofi, kirjoittaja.",Norma,978-952-01-1294-3,2015,936
84.2,"Brown, Sandra, kirjoittaja.",Matalapainetta,978-951-31-8349-3,2015,933
84.2,"Ahnhem, Stefan, kirjoittaja.",Pime√§√§n j√§√§nyt,978-951-0-40464-5,2015,932
85.22,"Kunnas, Mauri.","Apua, merirosvoja!",978-951-1-13330-8,1994,929
85.22,"Wieslander, Jujja.","Lehm√§, joka tahtoi keinua",951-873-426-7,1993,926
85.22,"Wieslander, Jujja.",Mimmi Lehm√§ lukee,978-951-883-257-0,2011,926
84.2,"P√§ttikangas, Eira, kirjoittaja.",Tehtaan portilta kotikujalle,978-951-23-5982-0,2015,925
84.2,"R√∂nk√§, Matti, kirjoittaja.",Eino,978-951-24-0071-3,2015,924
84.2 H ,"Parvela, Timo.",Ella ja j√§ttipotti,978-951-31-4943-7,2009,922
84.2 J√ÑN,"Adler-Olsen, Jussi, kirjoittaja.",Tapaus 64,978-951-20-9575-9,2015,921
85.22,"Kunnas, Mauri.",Hurjan hauska autokirja,978-951-1-12758-1,1993,920
84.2,"Keyes, Marian, kirjoittaja.",Nainen joka varasti el√§m√§ni,978-951-31-8208-3,2015,920
15,"Kunnas, Mauri.",Kummallisuuksien k√§sikirja,978-951-1-25207-8,2011,918
84.2,"Kivel√§, Anneli.",Outo lintu Katajam√§ell√§,978-951-23-5699-7,2013,917
84.2 H ,"Parvela, Timo.",Ella ja Y√∂n ritarit,978-951-31-5588-9,2010,916
85.22,"Nordqvist, Sven.",Viiru kateissa,978-951-31-2126-6,2001,914
84.2,"Kelly, Cathy, kirjoittaja.",Kaikki alkoi Pariisissa,978-951-20-9891-0,2015,905
84.2,"Doerr, Anthony, kirjoittaja.",Kaikki se valo jota emme n√§e,978-951-0-40974-9,2015,902
84.2,"Pilkey, Dav, kirjoittaja.",Kapteeni Kalsari ja radioaktiivisten robobokserien karmaiseva kosto,978-951-31-8313-4,2015,902
84.2,"Kyr√∂, Tuomas.",Mielens√§pahoittaja,978-951-0-36626-4,2010,901
84.2,"Nieminen, Veera.",Avioliittosimulaattori,978-951-31-7420-0,2013,901
84.2,"H√§meen-Anttila, Virpi, kirjoittaja.",K√§√§rmeitten kes√§ : Karl Axel Bj√∂rkin uusia tutkimuksia,978-951-1-28245-7,2015,900
84.2,"Hallberg, Lin, kirjoittaja.",Eppu menee kouluun,978-951-31-8237-3,2015,899
84.2 D,"Lagercrantz, David, kirjoittaja.",Se mik√§ ei tapa,978-951-0-40696-0,2015,899
84.2 H,"Hallberg, Lin.","Tallilla tapahtuu, Sinttu",978-951-31-7024-0,2013,895
84.2 H ,"Hallberg, Lin.","Hieno hyppy, Sinttu",978-951-31-4921-5,2009,895
85.22,"Nordqvist, Sven.",Viirun ja Pesosen kylv√∂puuhat,951-30-9514-2,1990,894
84.2,"Lehtinen, Tuija.",Morsiuskamari,978-951-1-27361-5,2013,892
84.2,"Honkasalo, Laura, kirjoittaja.",Perill√§ kello kuusi,978-951-1-27375-2,2015,883
84.2,"Soininvaara, Taavi.",Ter√§sarkku,978-951-1-27646-3,2014,882
84.2,"Itkonen, Juha, kirjoittaja.",Ajo,978-951-1-28215-0,2014,882
84.2,"Sund, Erik Axl, kirjoittaja.",Varjojen huone,978-951-1-28218-1,2014,875
84.2,"Numminen, Juha, kirjoittaja.",Yst√§v√§ s√§ lapsien : rikosromaani,978-952-289-233-1,2015,875
85.22,"Nordqvist, Sven.",Viiru ja Pesonen kettujahdissa,978-951-31-0394-1,1994,871
85.22,"Nopola, Tiina, kirjoittaja.",Siiri ja kadonnut t√§hti,978-951-31-7998-4,2014,870
85.22,"Nopola, Tiina.",Siiri ja villi taapero,978-951-31-7340-1,2013,870
84.2 H ,"Hallberg, Lin.","Torstaina n√§hd√§√§n, Sinttu",978-951-31-3969-8,2009,870
84.2,"Pilkey, Dav.",Kapteeni Kalsari ja puhuvat p√∂nt√∂t,978-951-31-2381-9,2002,870
84.2,"Cussler, Clive, kirjoittaja.",Rajumyrsky,978-951-0-40891-9,2014,866
84.2 D,"Jokinen, Seppo.",Ly√∂ty mies,978-951-23-5130-5,2009,865
84.2,"Parvela, Timo.",Ella ja √Ñf Yksi,978-951-31-4315-2,2008,861
84.2,"Pilkey, Dav.",Kapteeni Kalsari ja Hurjan Hierrenaisen hirmutuuli,951-31-2933-0,2004,861
85.22,"Kunnas, Mauri.",Viikingit tulevat!,951-1-21211-7,2006,860
84.2 H,"Widmark, Martin.",Syntym√§p√§iv√§n arvoitus,978-951-31-7277-0,2013,858
84.2,"Slaughter, Karin, kirjoittaja.",N√§kym√§t√∂n,978-951-31-8348-6,2015,856
84.2,"Kyr√∂, Tuomas.",Mielens√§pahoittaja ja ruskeakastike,978-951-0-39079-5,2012,856
85.22,"Nordqvist, Sven.",Viiru puijaa Pesosta,978-951-31-0340-8,1994,855
84.2,"Gavalda, Anna, kirjoittaja.",Parempaa el√§m√§√§,978-951-20-9855-2,2015,852
84.2,"Pilkey, Dav.",Kapteeni Kalsari seikkailee,978-951-31-2380-2,2002,851
84.2,"James, Peter, kirjoittaja.",Kuolema leikkii tulella,978-952-312-098-3,2015,850
85.12,"Nopola, Sinikka.","Hein√§hattu, Vilttitossu ja √§rh√§kk√§ koululainen",978-951-31-7359-3,2013,846
84.2,"Roberts, Nora, kirjoittaja.",Varjojen ratsu,978-951-20-9627-5,2014,845
61.741,,Kuulokkeet,,,841
84.2,"Galbraith, Robert.",Silkki√§istoukka,978-951-1-28012-5,2014,841
84.2,"Kallentoft, Mons, kirjoittaja.",Vesienkelit,978-951-0-40681-6,2015,839
84.2,"Kanto, Anneli, kirjoittaja.",Py√∂veli,978-951-20-9881-1,2015,839
84.2 D,"R√∂nnbacka, Christian, kirjoittaja.",Rakennus 31,978-952-279-185-6,2014,839
84.2,"Jokinen, Seppo, kirjoittaja.",Viha on paha vieras,978-951-23-4885-5,2007,839
84.2,"Lundberg, Ulla-Lena.",J√§√§,978-951-851-475-9,2012,838
84.2,"Hirvonen, Elina, kirjoittaja.",Kun aika loppuu : romaani,978-951-0-40984-8,2015,837
84.2,"Parvela, Timo.",Ella : varokaa lapsia!,951-31-3685-X,2006,836
84.2,"L√§ckberg, Camilla.",Enkelintekij√§,978-951-20-9030-3,2013,836
84.2,"Edwardson, √Öke.",Menneisyyden viesti,978-952-01-1085-7,2014,835
84.2,"Christie, Agatha, kirjoittaja.",Hercule Poirot ja huvimajan arvoitus,978-951-0-41117-9,2015,834
84.2,"Flynn, Gillian, kirjoittaja.",Ter√§vi√§ esineit√§,978-951-0-40895-7,2015,832
84.2,"Ahern, Cecelia, kirjoittaja.",Kuinka rakastutaan,978-951-20-9747-0,2015,828
84.2,"Parvela, Timo.",Ella ja seitsem√§n t√∂rpp√∂√§,978-951-31-3895-0,2007,828
84.2,"Kallioniemi, Tuula.",Kaahailua ja kepposia,978-951-1-25347-1,2011,827
84.2,"Holt, Anne.",Kuollut kulma,978-951-20-9271-0,2013,826
84.2,"Cornwell, Patricia, kirjoittaja.",Tomuksi ja tuhkaksi,978-951-1-28357-7,2014,824
84.2,"Hallberg, Lin.","Kes√§ kutsuu, Sinttu!",978-951-31-7564-1,2014,821
84.2,"Rowling, J. K.",Harry Potter ja liekehtiv√§ pikari,951-31-2038-4,2001,820
84.2,"Havaste, Paula.",Tuulen vihat,978-951-20-9718-0,2014,819
84.2,"Kinsella, Sophie.",H√§√§y√∂aie,978-951-0-40268-9,2014,819
84.2,"Skiftesvik, Joni.",Valkoinen Toyota vei vaimoni : el√§m√§nkuvia,978-951-0-40735-6,2014,818
84.2,"Hallberg, Lin.","Yli esteiden, Sinttu!",978-951-31-6322-8,2012,818
84.2,"Parvela, Timo.",Ella ja Sampan uroty√∂t,978-951-31-5929-0,2011,817
85.22,"Kunnas, Mauri.","Hyv√§√§ y√∂t√§, herra Hakkarainen",951-1-16152-0,1999,816
65.8,"Lipkowitz, Daniel.",LEGO leikkikirja : ideoita rakentamiseen ja leikkimiseen,978-951-0-40107-1,2013,816
84.2 D,"Sipil√§, Jarkko.",Valepoliisi,978-952-289-048-1,2013,812
84.2,"Nesser, H√•kan, kirjoittaja.",Pikku-Burman teurastajatar : rikosromaani,978-951-31-7798-0,2015,810
84.2,"Kepler, Lars.",Nukkumatti : rikosromaani,978-951-31-7270-1,2013,810
84.2,"Coelho, Paulo.",Uskottomuus,978-952-279-184-9,2014,810
84.2,"Hawkins, Paula, kirjoittaja.",Nainen junassa,978-951-1-29163-3,2015,809
84.2,"Ellil√§, Kirsti, kirjoittaja.",Tuntemattomat,978-951-23-5920-2,2015,807
85.22,"Kunnas, Mauri.",Hurja-Harri ja pullon henki,978-951-1-24540-7,2010,807
77.49,"Dowsett, Elizabeth.",Jedien salaisuudet,978-951-0-38201-1,2011,806
85.22,"Kunnas, Mauri.",Seitsem√§n koiraveljest√§ : koiramainen versio Aleksis Kiven romaanista Seitsem√§n veljest√§,951-1-18100-9,2002,805
84.2 HELP,"Hallberg, Lin.",Sinttu on paras!,978-951-31-5842-2,2011,802
84.2 D,"Tuominen, Pirjo.",Muistatko Marjatan? : j√§nnitysromaani,978-951-31-7364-7,2013,800
84.2,"Jokinen, Seppo.",Hiirileikki,978-951-23-4774-2,2006,800
84.2,"King, Stephen, kirjoittaja.",Her√§√§minen,978-951-31-8186-4,2015,797
84.2,"Moriarty, Liane.",Hyv√§ aviomies,978-951-0-40599-4,2014,797
65.8,"Lipkowitz, Daniel.",LEGO ideakirja : rakenna mit√§ vain,978-951-0-38845-7,2012,795
84.2,"Hotakainen, Kari, kirjoittaja.",Kantaja,978-952-67705-3-6,2014,795
84.2 D,"Nesb√∏, Jo.",Poliisi,978-951-0-39943-9,2013,794
99.13,"Tyrkk√∂, Maarit.",Tytt√∂ ja nauhuri,978-951-0-40253-5,2014,793
84.2,"Hallberg, Lin.",Maailman ihanin Sinttu,978-951-31-3968-1,2008,789
84.2,"Adler, Elizabeth.",Talo maalla,978-951-20-9458-5,2014,787
84.2,"Mustonen, Enni.",J√§√§leinikki,978-951-1-25423-2,2011,787
84.2,"Child, Lee.",Paluu p√§√§majaan,978-951-23-5789-5,2014,787
85.22 KU,"Kunnas, Mauri.",Vampyyrivaarin tarinoita,951-1-11854-4,1991,786
84.2,"Utrio, Kaari.",Seuraneiti,978-952-5330-58-8,2013,786
84.2 D,"Arhippa, Pirkko.",Tii taa Taneli : j√§nnitysromaani,978-951-883-529-8,2013,785
84.2,"Lapidus, Jens.",Vip-huone,978-952-01-1088-8,2014,782
84.2,"Leon, Donna.",Pedon palkka,978-951-1-27869-6,2014,782
84.2,"Widmark, Martin.",El√§inpuodin arvoitus,978-951-31-6780-6,2012,782
84.2 D,"Grisham, John, kirjoittaja.",Perint√∂,978-951-0-40552-9,2014,782
84.2 HELP,"Hallberg, Lin.","Suuri seikkailu, Sinttu",978-951-31-5843-9,2011,781
85.22,"Nordqvist, Sven.",Viirun syntym√§p√§iv√§t,951-31-0393-5,1994,781
84.2,"Rowling, J. K.",Harry Potter ja puoliverinen prinssi,978-951-31-3507-2,2006,780
84.2,"Vuori, Kristiina, kirjoittaja.",Neidonpaula,978-951-31-8274-8,2015,778
84.2,"Atkinson, Kate, kirjoittaja.",Joka lapsia ja koiria rakastaa,978-951-52-3539-8,2015,778
84.2,"Pilkey, Dav.","Kapteeni Kalsarin ja S√§hk√∂r√§k√§j√§tk√§n iso paha taistelu. 1. osa, Siivottomien sierainm√∂ykkyjen y√∂ /",951-31-3147-5,2004,777
85.22 KU,"Nopola, Tiina.",Siiri tekee maalin,978-951-31-5932-0,2011,775
L84.2,"Hallberg, Lin.","√Ñl√§ pelk√§√§, Sinttu!",978-951-31-6323-5,2012,775
84.2 H ,"Hallberg, Lin.","Kiva leiri, Sinttu",978-951-31-5250-5,2010,775
84.2,"Marklund, Liza, kirjoittaja.",Rautaveri,978-951-1-29171-8,2015,774
84.2,"Parvela, Timo.",Ella aalloilla,951-31-3437-7,2005,774
84.2,"Kinney, Jeff, kirjoittaja, kuvittaja.","Neropatin p√§iv√§kirja. 8, Kohtalo kolhii /",978-951-0-41245-9,2015,774
84.2,"Bl√¶del, Sara, kirjoittaja.",Hyv√§stit vapaudelle,978-951-23-5858-8,2015,773
84.2 H ,"Widmark, Martin.",Koulun arvoitus,978-951-31-4745-7,2010,771
84.2,"Nesser, H√•kan.",Yksin√§iset : rikosromaani,978-951-31-7602-0,2014,770
84.2,"Jungstedt, Mari.",Vaarallinen leikki,978-951-1-26962-5,2013,769
84.2,"Utrio, Kaari, kirjoittaja.",Paperiprinssi,978-952-5330-77-9,2015,767
86.31,"Mankell, Henning, kirjoittaja.",Juoksuhiekka,978-951-1-28864-0,2015,767
84.2,"Wennstam, Katarina, kirjoittaja.",Petturi,978-951-1-28760-5,2015,767
84.2,"Connelly, Michael.",Musta laatikko,978-951-20-9631-2,2014,765
84.2,"Hiekkapelto, Kati.",Suojattomat,978-951-1-27392-9,2014,764
85.22,"Bergstr√∂m, Gunilla.",Mikko Mallikas ja syntym√§p√§iv√§kutsut,978-951-31-4823-2,2009,763
84.2,"Oksanen, Sofi.",Kun kyyhkyset katosivat,978-952-01-0781-9,2012,763
84.2,"Marklund, Liza.",Ajojahti,978-951-1-26142-1,2013,762
84.2,"Slaughter, Karin, kirjoittaja.",Rikollinen,978-951-31-7560-3,2014,762
85.22,"Hill, Eric, kirjoittaja, taiteilija.",Puppe ja yll√§tyslahja,978-951-1-24199-7,2010,761
84.2,"Matintupa, Tuula T., kirjoittaja.",Pelitalo : j√§nnitysromaani,978-951-883-634-9,2014,761
84.2,"Luhtanen, Sari.",Linssit huurussa,978-951-31-7637-2,2014,760
99.13,"Vesikallio, Johanna, kirjoittaja.",Lillan : Elisabeth Rehnin ep√§tavallinen el√§m√§,978-951-1-21868-5,2014,758
84.2,"Morton, Kate.",Hyl√§tty puutarha,978-952-279-094-1,2014,758
84.2,"Rowling, J. K.",Harry Potter ja Feeniksin kilta,978-951-31-2907-1,2004,757
84.2,"Coben, Harlan, kirjoittaja.",Saalistaja,978-952-312-104-1,2015,754
85.22,"Hill, Eric.",Puppe saa pikkusiskon,951-1-10827-1,1989,753
84.2,"Rowling, J. K.",Harry Potter ja kuoleman varjelukset,978-951-31-4004-5,2008,753
84.2,"Widmark, Martin.",Hotellin arvoitus,951-31-3030-4,2004,753
84.2 J√ÑN,"Sandberg, Timo, kirjoittaja.",Y√∂vieras : rikosromaani,978-951-23-6044-4,2015,753
84.2,"Kivel√§, Anneli.",K√∂ydenvetoa Katajam√§ell√§,978-951-23-5558-7,2012,752
84.2 H,"Hallberg, Lin, kirjoittaja.",Eppu ja paras joululahja,978-951-31-7784-3,2014,750
3,Guinness world records 2012.,Guinness world records 2012,978-951-32-3200-9,2011,750
84.2,"Tegenfalk, Stefan, kirjoittaja.",Pahan kasvot,978-952-279-215-0,2015,745
84.2,"Jokinen, Seppo.",Suurta pahaa,978-951-23-4530-4,2004,743
77.4983,"Windham, Ryder.",Star wars : T√§htien sodan kuvitettu opas,978-951-0-39474-8,2012,742
84.2 J√ÑN,"Child, Lee, kirjoittaja.",Korkein panoksin,978-951-23-5954-7,2015,739
84.2 H,"Widmark, Martin.",Sahramin arvoitus,978-951-31-5233-8,2011,739
84.2,"Jokinen, Seppo, kirjoittaja.",Sana sanaa vastaan,978-951-23-4669-1,2005,738
85.22,"Knutsson, G√∂sta.",Pekka T√∂p√∂h√§nt√§ teatterissa,951-20-3982-6,2001,738
85.22,"Kunnas, Mauri.","Etusivun juttu, eli, Kuinka sanomalehti syntyy",978-951-1-11442-0,1990,736
84.2,"Pancol, Katherine, kirjoittaja.",Mimmit,978-952-279-177-1,2014,735
84.2,"Jones, Sadie, kirjoittaja.",Ehk√§ rakkaus oli totta,978-951-1-28498-7,2015,734
85.22 KU,"Knutsson, G√∂sta, kirjoittaja.",Pekka T√∂p√∂h√§nt√§ urheilukilpailuissa,951-20-3974-5,1992,734
84.2,"Frimansson, Inger, kirjoittaja.",Tytt√∂ ja kissa,978-952-01-1157-1,2015,733
77.49,"Wallace, Daniel.",Galaktiset taistelut,978-951-0-39206-5,2012,733
85.22,"Havukainen, Aino.",Tatu ja Patu Helsingiss√§,951-1-18984-0,2003,732
84.2,"Sten, Viveca.",Pinnan alla,978-951-0-39690-2,2014,731
84.2 D,"Hjorth, Michael, kirjoittaja.",Mykk√§ tytt√∂,978-952-279-236-5,2015,731
85.22,"Knutsson, G√∂sta.",Pekka T√∂p√∂h√§nt√§ tivolissa,951-20-3975-3,1992,730
84.2,"Ollikainen, Milla, kirjoittaja.",Vesiraukka,978-952-01-1126-7,2014,724
84.2,"Mustonen, Enni.",Lapinvuokko,978-951-1-24357-1,2010,724
84.2 D,"Adler-Olsen, Jussi.",Pullopostia,978-951-20-9279-6,2014,723
85.22,"Nopola, Tiina, kirjoittaja.",Siiri ja kauhea kummitus,978-951-31-5689-3,2010,723
84.2,"Clark, Mary Higgins.",Kuin kaksi marjaa,978-951-31-6802-5,2014,723
85.22,"Bergstr√∂m, Gunilla.",Mikko Mallikkaan parhaat tarinat,978-951-31-7992-2,2014,722
84.2,"Oranen, Raija.",Aurora,978-951-851-577-0,2014,722
84.2,"Kinsella, Sophie, kirjoittaja.",Himoshoppaaja t√§htien tiell√§,978-951-0-41120-9,2015,721
84.2 D,"B√∂rjlind, Cilla, kirjoittaja.",Kolmas √§√§ni,978-951-52-3424-7,2014,721
85.22,"Bergstr√∂m, Gunilla.",Mikko Mallikas on kuningas,978-951-31-6642-7,2012,720
84.2,"Kilpi, Marko.",Kuolematon,978-951-20-9307-6,2013,720
84.2,"Pilkey, Dav.",Kapteeni Kalsari ja ulkoavaruuden uskomattoman keljut keitti√∂nt√§dit (ja ruokalan ihan yht√§ ilke√§t zombinynnyt),951-31-2699-4,2003,719
85.22,"Kanto, Anneli.",Veera Virtanen ja esikoulu,978-951-23-5657-7,2013,719
84.2,"Binchy, Maeve.",Seitsem√§n talvista p√§iv√§√§,978-951-0-40006-7,2013,718
84.2,"Pulkkinen, Riikka.",Iiris Lempivaaran levoton ja painava syd√§n,978-951-1-27833-7,2014,717
84.2 J√ÑN,"Vala, Vera, kirjoittaja.",Tuomitut,978-951-24-0069-0,2015,715
84.2,"Parvela, Timo, kirjoittaja.",Paten jalkapallokirja,978-951-31-8354-7,2015,714
84.2,"Steel, Danielle.",Iso tytt√∂,978-951-0-40272-6,2013,714
85.22,"Kanto, Anneli.",Vilma Virtanen ja uimataito,978-951-23-5291-3,2011,713
84.2,"Parvela, Timo, kirjoittaja.",Ella ja kaverit liemess√§,978-951-31-8509-1,2015,712
85.22,"Knutsson, G√∂sta.",Pekka T√∂p√∂h√§nn√§n laivaretki,951-20-3969-9,2000,712
84.2,"Kallioniemi, Tuula.",H√§ss√§kk√§√§ ja h√§t√§housuja,978-951-1-28205-1,2014,711
85.22,"Miler, Zdenk.",Myyr√§ ja kala,978-951-31-7050-9,2013,711
84.2 D,"Arnaldur Indri√∞ason, kirjoittaja.",Reykjavikin y√∂t,978-952-5410-80-8,2014,710
85.22,"Cousins, Lucy.",Maisa opettelee uimaan,978-951-0-39779-4,2012,708
84.2,"Ohlsson, Kristina, kirjoittaja.",Daavidint√§hdet,978-951-0-39841-8,2015,706
85.22,"Nordqvist, Sven.",Viiru ja Pesonen telttaretkell√§,951-31-0098-7,1993,705
85.22 KU,"Bergstr√∂m, Gunilla.",Mikko Mallikas menee kouluun,951-31-0893-7,1996,705
84.2,"Holma, Antti.",J√§rjest√§j√§,978-951-1-27976-1,2014,703
84.2,"Lehtinen, Tuija.",Tuhansien aamujen talo,978-951-1-26735-5,2012,703
85.22 KU,"Knutsson, G√∂sta.",Pekka T√∂p√∂h√§nt√§ suksilla,951-20-3971-0,1992,702
84.2,"Kallioniemi, Tuula.",Aaveita ja avaruusolentoja,978-951-1-26326-5,2012,701
85.22,"Nopola, Tiina.",Siiri ja hurja Hunskeli,978-951-31-3900-1,2008,701
85.22 KU,"Kunnas, Mauri.",Majatalon v√§ki ja kaappikellon kummitukset,951-1-14424-3,1996,700
84.2,"Murakami, Haruki.",V√§ritt√∂m√§n miehen vaellusvuodet,978-951-31-7947-2,2014,699
85.22,"Bagge, Tapani.",Vihre√§n linnun arvoitus,978-951-31-7213-8,2013,697
84.2,"L√§ckberg, Camilla.",Majakanvartija,978-951-20-8808-9,2012,697
84.2,"Parvela, Timo.",Ella Lapissa,951-31-2874-1,2003,697
84.2,"Nicholls, David, kirjoittaja.",Yht√§ matkaa,978-951-1-28586-1,2014,696
84.2,"Kepler, Lars.",Tulitodistaja : rikosromaani,978-951-31-6651-9,2012,694
84.2,"Rissanen, Pirjo.",Kamomillasola,978-951-20-8801-0,2012,691
84.2,"Kivel√§, Anneli.",Katajam√§ki yll√§ttyy,978-951-23-5386-6,2011,691
84.2,"Sund, Erik Axl.",Varistytt√∂,978-951-1-27183-3,2014,691
84.2,"McCall Smith, Alexander, kirjoittaja.",Pienten muutosten kauneussalonki,978-951-1-28791-9,2015,690
84.2,"Hallberg, Lin.",Eppu on hyv√§ yst√§v√§,978-951-31-7561-0,2014,690
84.2,"Kivel√§, Anneli.",Salaisuuksia Katajam√§ell√§,978-951-23-5241-8,2010,688
84.2,"Jalonen, Olli.",Miehi√§ ja ihmisi√§,978-951-1-28301-0,2014,687
85.22,"Kunnas, Mauri.",Y√∂kirja eli mit√§ kaikkea tapahtuukaan y√∂ll√§,978-951-1-08044-2,1984,687
85.22 Selkokirja,"Puranen, Tuula, kirjoittaja.",Miina ja Manu kirjastossa,978-951-866-862-9,2014,686
85.22,"Kunnas, Mauri.",Kuningas Artturin ritarit : kappale kissojen varhaista historiaa,951-1-14974-1,1997,686
85.22,"Kanto, Anneli, kirjoittaja.",Virtasen lapset ja pentu,978-951-23-5911-0,2015,685
84.2,"Orkoma, Marja.",Lesti & Lautanen,978-951-883-489-5,2013,685
84.2 H ,"Hallberg, Lin.","Aprillia, Sinttu",978-951-31-5249-9,2010,684
84.2,"L√§ckberg, Camilla.",Merenneito,978-951-20-8353-4,2011,684
84.2,"Sir√©n, Esa.",Kannaksen kostajat,978-951-20-9719-7,2014,682
84.2,"Bauer, Belinda.",Ruumis nro 19,978-951-23-5763-5,2014,680
84.2,"Roberts, Nora, kirjoittaja.",Varjojen vartija,978-951-20-9629-9,2015,680
85.22,"Kaarla, Riina.",T√§√§lt√§ tulee Pikku Myy : Muumipeikon talo,978-951-31-6995-4,2013,679
84.2,"M√§ki, Reijo.",Intiaani,978-951-1-27390-5,2013,675
L84.2,"Hallberg, Lin.",Eppu etsii kotia,978-951-31-6495-9,2012,675
84.2,"Ropponen, Markku.",Kuhala ja tuomitut,978-951-31-7625-9,2014,675
84.2,"Backman, Fredrik, kirjoittaja.",Britt-Marie k√§vi t√§√§ll√§,978-951-1-28715-5,2015,673
85.22,"Kylm√§nen, Marjo.",Miina ja Manu tallilla,978-951-866-883-4,2014,671
84.2 D,"Cussler, Clive, kirjoittaja.",Kilpalento,978-951-0-40654-0,2014,671
84.2,"Nopola, Sinikka.",Risto R√§pp√§√§j√§ ja Sevillan saituri,978-951-31-8052-2,2014,671
84.2,"Pakkanen, Outi.",Toinen kerros,978-951-1-26585-6,2012,670
84.2,"Sund, Erik Axl.",Unissakulkija,978-951-1-28216-7,2014,669
77.492,"Haapasalo, Ville.","Et kuitenkaan usko..."" : Ville Haapasalon varhaisvuodet Ven√§j√§ll√§""",978-952-291-012-7,2013,669
84.2,"Havaste, Paula, kirjoittaja.",Maan vihat,978-951-24-0057-7,2015,668
84.2,"Kunnas, Mauri.",Y√∂tarinoita,978-951-1-25118-7,2010,668
84.2,"Jokinen, Seppo.",Kuka sellaista tekisi,978-951-23-5000-1,2008,666
84.2,"Mankell, Henning, kirjoittaja.",Ruotsalaiset saappaat,978-951-1-29172-5,2015,665
84.2,"Kirstil√§, Pentti, kirjoittaja.",J√§√§hyv√§iset Hanhivaaralle,978-952-289-236-2,2015,665
84.2,"Hayes, Terry, kirjoittaja.",Vaeltaja,978-952-279-100-9,2015,662
84.2,"R√∂nk√§, Matti.",Levantin kyy,978-951-20-9310-6,2013,662
85.22,"Havukainen, Aino, kirjoittaja, taiteilija.",Tatun ja Patun ihmeellinen joulu,978-951-1-28799-5,2015,661
85.22,Moomin and the little ghost.,Muumi ja pikku aave,978-951-0-40196-5,2013,660
93.12,"Lappalainen, Mirkka, kirjoittaja.",Pohjolan leijona : Kustaa II Adolf ja Suomi 1611-1632,978-952-234-242-3,2014,659
84.2 J√ÑN,"Sandberg, Timo.",K√§rp√§svaara,978-951-23-5757-4,2014,658
84.2,"H√§rk√∂nen, Anna-Leena.",Takana puhumisen taito,978-952-67705-2-9,2014,657
85.22,"Harjanne, Maikki.",Mintun syntym√§p√§iv√§t,978-951-1-28057-6,2014,657
84.2,"Remes, Ilkka.",Omertan liitto,978-951-0-39874-6,2013,656
84.2,"Williams, John, kirjoittaja.",Stoner,978-952-279-112-2,2015,655
84.2,"Kes√§vuori, Saara.",Kuningas,978-951-31-7647-1,2014,654
85.22,"Nopola, Tiina.",Siiri ja yl√§kerran Onni,951-31-2816-4,2003,654
84.2 D,"Remes, Ilkka, kirjoittaja.",J√§√§tyv√§ helvetti,978-951-0-41299-2,2015,653
84.2,"Tuominen, Pirjo.",Perint√∂maat,978-951-31-5626-8,2010,653
84.2,"Mankell, Henning.",Haudattu,978-951-1-27763-7,2013,653
77.4983,"Reynolds, David West.",Star wars : episodit I-VI : kuvitettu opas,978-951-0-33253-5,2007,651
84.2,"Tervo, Kati.",Sukupuu : romaani,978-951-0-40693-9,2014,649
84.2,"McEwan, Ian, kirjoittaja.",Lapsen oikeus,978-951-1-28670-7,2015,647
85.22 KU,"M√≠ler, Zdenk.",Myyr√§n raketti,951-31-2006-6,2004,645
84.2 D,"Jokinen, Seppo.",Vilpitt√∂m√§ss√§ mieless√§,951-23-4424-6,2003,644
84.2,"Flynn, Gillian.",Paha paikka,978-951-0-40118-7,2014,643
84.2,"James, Peter, kirjoittaja.",Kuoleman kello k√§y,978-952-312-014-3,2014,643
85.22,"Nopola, Tiina, kirjoittaja.",Siiri ja kamala possu,951-31-3417-2,2005,639
85.22,"Barbie: the secret door, suomi.",Barbie ja salainen ovi,978-951-20-9811-8,2014,638
84.2,"Steel, Danielle.",Etel√§n valot,978-951-0-39708-4,2013,637
84.2,"Zander, Joakim, kirjoittaja.",Uimari,978-951-31-7936-6,2015,637
85.22,"Harjanne, Maikki.",Minttu ja mummo,978-951-1-24281-9,2010,636
84.2,"Tuominen, Pirjo.",Silkkipunos,978-951-31-6849-0,2012,636
85.22 KU,"Knutsson, G√∂sta.",Pekka T√∂p√∂h√§nn√§n silakkaretki,951-20-3970-2,1992,636
84.2 H ,"Widmark, Martin.",Junan arvoitus,978-951-31-4118-9,2009,636
84.2,"Nopola, Sinikka, kirjoittaja.",Risto R√§pp√§√§j√§ ja viimeinen t√∂tter√∂,978-951-31-8216-8,2014,635
85.22,"Koivisto, Jari.",Miina ja Manu y√∂kyl√§ss√§,978-951-866-878-0,2014,635
84.2,"Roth, Veronica.",Outolintu,978-951-1-27367-7,2014,635
85.22,"Bergstr√∂m, Gunilla.",Mikko Mallikas ja sisukas muurahainen,951-31-3555-1,2006,635
85.22 KU,"Knutsson, G√∂sta.",Pekka T√∂p√∂h√§nt√§ Amerikassa,951-20-3981-8,1992,634
84.2,"Sund, Lars, kirjoittaja.",Kolme sisarta ja yksi kertoja : nelin√§yt√∂ksinen romaani,978-951-52-3414-8,2014,634
84.2,"Widmark, Martin.",Sirkuksen arvoitus,951-31-3031-2,2005,633
84.2 H,"Hallberg, Lin.",Eppu tulee taloon,978-951-31-6496-6,2013,633
85.22,"Kunnas, Mauri.",Ujo Elvis,951-1-18988-3,2003,633
84.2,"H√§rk√∂nen, Anna-Leena.",Onnen tunti,978-951-1-25272-6,2011,633
84.2 D,"Hannah, Sophie.",Nimikirjainmurhat : uusi Hercule Poirot -mysteeri,978-951-0-40652-6,2014,633
84.2,"Brockmole, Jessica, kirjoittaja.",Kirjeit√§ saarelta,978-952-279-081-1,2015,632
77.4983,,Hyv√§n ja pahan ikuinen taistelu : [2 tarinaa],978-951-0-39923-1,2013,632
85.22 KU,"Knutsson, G√∂sta, kirjoittaja.",Pekka T√∂p√∂h√§nt√§ k√§y koulua,951-20-3973-7,1992,630
85.22,"Kanto, Anneli.",Paavo Virtanen ja pimeys,978-951-23-5777-2,2014,630
84.2,"Flynn, Gillian.",Kiltti tytt√∂,978-951-0-39683-4,2013,629
84.2 H ,"Parvela, Timo.",Ella ja kaverit juhlatuulella,978-951-31-5719-7,2010,628
84.2,"Jansson, Anna.",Murhan alkemia,978-951-20-8783-9,2012,626
85.22,"Cousins, Lucy.",Maisa menee elokuviin,978-951-0-40349-5,2014,626
84.2 D,"Ropponen, Markku.",Kuhala & jokimurhat,978-951-31-7130-8,2013,625
84.2,"Garner, Helen, kirjoittaja.",Vierashuone,978-952-300-111-4,2015,625
84.2,"Nopola, Sinikka, kirjoittaja.",Risto R√§pp√§√§j√§ ja Sevillan saituri,978-951-31-8450-6,2014,625
85.22,"Nopola, Tiina.",Siiri ja lumimies,978-951-31-6846-9,2012,624
85.22,"Harjanne, Maikki.",Minttu prinsessana,978-951-1-22235-4,2009,623
85.22,"Cousins, Lucy, kirjoittaja, taiteilija.","Yksi, kaksi, kolme.. : Maisa osaa laskea",978-951-0-41097-4,2015,623
84.2,"Kallioniemi, Tuula.",Faneja ja fossiileja : [Reuhurinne],978-951-1-27300-4,2013,622
84.2,"Nopola, Sinikka.",Risto R√§pp√§√§j√§ ja kuuluisa Kamilla,978-951-31-5081-5,2009,621
85.22,"Kanto, Anneli.",Perttu Virtanen ja kauhea kateus,978-951-23-5603-4,2012,621
85.22,"M√≠ler, Zdenk.",Myyr√§n auto,951-31-1712-X,1999,621
84.2,"Liksom, Rosa.",V√§liaikainen,978-952-01-1096-3,2014,621
84.2,"Kivel√§, Anneli.",Onnenkauppaa Katajam√§ell√§,978-951-23-4893-0,2007,621
84.2,"Vuori, Kristiina.",Disa Hannuntyt√§r,978-951-31-7638-9,2014,620
84.2,"Arhippa, Pirkko.",Kihlaava kuolema : j√§nnitysromaani,978-951-883-407-9,2012,619
85.22,"Bagge, Tapani.",Kadonneen aarteen arvoitus,978-951-31-7607-5,2014,618
85.22,Moomin and the new friend.,Muumi ja uusi yst√§v√§,978-951-0-39437-3,2012,618
84.2,"Nopola, Sinikka.",Risto R√§pp√§√§j√§ ja kaksoisolento,978-951-31-7194-0,2013,618
84.2,"Roberts, Nora.",Tulen syliss√§,978-951-20-8812-6,2013,617
84.2,"Kivel√§, Anneli.",Kotiin Katajam√§elle,978-951-23-4840-4,2007,612
85.22,"Kunnas, Mauri.",Herra Hakkaraisen aakkoset,951-1-17427-4,2001,612
84.2,,Risto R√§pp√§√§j√§ ja Liukas Lennart,8717418420864,2014,611
84.2,"K√∂ng√§s, Heidi, kirjoittaja.",Hertta : romaani,978-951-1-28991-3,2015,611
84.2,"Ingelman-Sundberg, Catharina.","Kakkua, kiitos!",978-951-52-3412-4,2014,610
84.2,"Hulkko, Johanna.",Geoetsiv√§t ja rahak√§√§r√∂n arvoitus,978-951-23-5583-9,2013,609
84.2,"Jungstedt, Mari.",Hiljaisuuden hinta,978-951-1-24514-8,2012,607
84.2,"Brown, Sandra.",Paljon peliss√§,978-951-31-7603-7,2014,606
84.2,"Bagge, Tapani, kirjoittaja.",Pieni talvisota,978-952-289-230-0,2015,605
84.2,"Ollikainen, Aki, kirjoittaja.",Musta satu,978-952-234-284-3,2015,605
85.32,"Collected adventures, suomi",Kootut seikkailut. 2 /,978-951-0-40403-4,2014,605
84.2 Scifi,"Isom√§ki, Risto.",Kurganin varjot,978-951-31-8019-5,2014,604
84.2,"Adler-Olsen, Jussi.",Mets√§st√§j√§t,978-951-20-8550-7,2013,602
85.22,"Wallace, Karen.",Kiilt√§v√§t johtolangat,978-951-883-270-9,2011,600
84.2,"Jokinen, Seppo.",Hukan enkelit,978-951-23-4229-7,2001,599
84.2,"Tuuri, Hanna, kirjoittaja.",Ranta,978-951-1-28098-9,2015,599
85.22 KU,"Kunnas, Mauri.",Herra Hakkaraisen numerot,951-1-19740-1,2004,597
84.2,"L√§hteenm√§ki, Laura.",Ikkunat y√∂h√∂n,978-951-0-40383-9,2014,595
84.2,"Fossum, Karin.",Carmen Zita ja kuolema : romaani,978-951-0-40524-6,2014,595
84.2,"Hosseini, Khaled.",Ja vuoret kaikuivat,978-951-1-27399-8,2013,594
84.2,"Nesb√∏, Jo.",Aave,978-951-0-38712-2,2012,592
85.22,"Marsoli, Lisa.",Lentsikat,978-951-32-3770-7,2013,592
84.2 H,"Mayfield, Sue.",Ollaan kavereita,978-951-883-518-2,2013,592
84.2,"Oksanen, Sofi.",Puhdistus : romaani,978-951-0-33973-2,2008,592
85.22,"Handford, Martin, taiteilija, kirjoittaja.",Miss√§ Vallu? : aikamatka,978-951-883-661-5,2015,591
84.2,"Roth, Veronica, kirjoittaja.",Uskollinen,978-951-1-28211-2,2015,591
84.2,"Widmark, Martin.",Kahvilan arvoitus,951-31-3032-0,2005,591
84.2,"Steel, Danielle.",Syd√§men asioita,978-951-0-39518-9,2013,590
61.4,,Samsung [Esine] : NP200B.,,2012,590
84.2,"Russell, Rachel Ren√©e.","Nolo el√§m√§ni. 3, Olisinpa popt√§hti /",978-951-32-3527-7,2013,589
84.2,"Kallioniemi, Tuula, kirjoittaja.",Ensiluokkaiset j√§lkien etsij√§t,978-951-1-28132-0,2014,589
85.22,"Hapka, Catherine, kirjoittaja.",Sofia ensimm√§inen : lumotut juhlat,978-951-32-4081-3,2015,589
84.2,"Koivisto, Jari.",Miina ja Manu sirkuksessa,978-951-866-865-0,2013,588
85.22,"Kunnas, Mauri.","Riku, Roope ja Ringo : v√§rik√§s p√§iv√§",978-951-1-25803-2,2012,588
85.22,"Bergstr√∂m, Gunilla.",Mikko Mallikas tulee iloiseksi,978-951-31-0395-8,1994,587
85.22,"Harjanne, Maikki.",Minttu urheilee,978-951-1-25427-0,2012,587
84.2,"Kelly, Cathy.",Mehil√§iskuningatar,978-951-20-9444-8,2014,587
85.22,"Koivisto, Jari.",Miina ja Manu : kaupunkikierros,978-951-866-884-1,2014,587
84.2,"Sipil√§, Jarkko.",Suljetuin ovin,978-952-5918-75-5,2012,587
85.22,"Havukainen, Aino.",Veera l√§√§k√§riss√§,978-951-1-26046-2,2012,586
85.22,"Wallace, Karen.",J√§ljet lumessa,978-951-883-271-6,2011,585
84.2,"Soininvaara, Taavi, kirjoittaja.",Haukka ja kyyhky,978-951-1-28778-0,2015,585
85.22,"Marsoli, Lisa.",Frozen : huurteinen seikkailu,978-951-32-3868-1,2013,585
84.2,"Pettersson, Lars.","Koutokeino, kylm√§ kosto",978-952-312-022-8,2014,585
85.22,"Koskimies, Pirkko.",Pupu Tupuna lomalla,978-951-32-3369-3,2012,584
84.2,"Munro, Alice, kirjoittaja.",Nuoruudenyst√§v√§,978-951-31-8188-8,2015,584
84.2,"Lehtinen, Tuija.",Miss Sein√§ruusu,978-951-1-25511-6,2011,584
84.2,"Kepler, Lars.",Paganini ja paholainen : rikosromaani,978-951-31-5496-7,2011,583
84.2,,Risto R√§pp√§√§j√§ ja viile√§ Venla,6420291124263,2012,582
84.2,"Jansson, Anna.",Haudan takaa,978-951-20-9121-8,2013,581
85.22,"Kunnas, Mauri.",Koiram√§en Martta ja Ruuneperi,951-1-20516-1,2005,581
84.2,"Hakalahti, Niina.",Syd√§nyst√§v√§,978-951-23-5829-8,2014,581
84.2,"Kaunisto, Milja, kirjoittaja.",Piispansormus,978-951-20-9876-7,2015,580
84.2,"Turunen, Heikki, kirjoittaja.",Karjalan kuningas : romaani,978-951-0-40761-5,2014,580
3,Guinness world records 2011,Guinness world records 2011,978-951-32-2996-2,2010,579
84.2,"Jaatinen, Heidi.",Kaksi viatonta p√§iv√§√§,978-951-20-9511-7,2014,578
85.32,Collected adventures.,Kootut seikkailut. 1 /,978-951-0-40402-7,2014,578
84.2,"Hotakainen, Kari.",Luonnon laki,978-952-234-185-3,2013,577
84.2,"Cleeves, Ann.",Viiltoja,978-951-23-5762-8,2014,577
85.22,"Arenius, P√§ivi, taiteilija.",Hillopurkin arvoitus,978-951-31-8159-8,2015,576
84.2,"Pancol, Katherine, kirjoittaja.",Mimmit. 2 /,978-952-279-240-2,2015,575
84.2,"Wallace, Karen.",Munavarkaita,978-951-883-285-3,2012,575
84.2,,Tarmokas terrieri trampoliinilla,978-951-1-28177-1,2014,575
85.22 KU,"Kanto, Anneli.",Kastehelmi Virtanen ja oma tahto,978-951-23-5536-5,2012,575
84.2,"Snellman, Anja, kirjoittaja.",Antautuminen,978-951-0-41438-5,2015,575
85.22,"Nicholson, Sue, kirjoittaja.",Pipsa Possun piiloleikki : etsi ja l√∂yd√§ kuvasta!,978-951-1-28690-5,2015,575
84.2,"Pakkanen, Outi.",Julma kuu,978-952-5918-70-0,2012,574
84.2,"Roth, Veronica, kirjoittaja.",Kapinallinen,978-951-1-28005-7,2014,574
85.22,"Kaarla, Riina.",T√§√§lt√§ tulee Pikku Myy : villit vieraat,978-951-31-6265-8,2011,574
85.22,"Kaarla, Riina, kirjoittaja, taiteilija.",T√§√§lt√§ tulee Pikku Myy : merten hurjap√§√§t,978-951-31-7780-5,2015,573
84.2,"Kivel√§, Anneli.",Katajam√§ell√§ kuohuu,978-951-23-5080-3,2009,573
84.2,"Atkinson, Kate.",Eik√∂ viel√§k√§√§n hyvi√§ uutisia?,978-951-52-3243-4,2013,573
84.2,"West√∂, Kjell.",Kangastus 38,978-951-1-27403-2,2013,572
85.22,"Nopola, Tiina.",Siiri ja sotkuinen Kerttu,978-951-31-3114-2,2004,572
79.81,"How to do everything in Minecraft, suomi",Minecraft : pelaajan opas,978-952-321-023-3,2015,571
84.2,"Lehtinen, Tuija.",Kolme miest√§ netiss√§,978-951-1-24573-5,2010,570
85.22,"Cousins, Lucy.",Maisan kaupunkiloma,978-951-0-37744-4,2011,570
84.2,"Widmark, Martin.",Timanttien arvoitus,951-31-3029-0,2004,568
85.22,"Cousins, Lucy.",Maisa l√§htee lomalle,978-951-0-36285-3,2010,568
84.2 D,"Nesb√∏, Jo.",Kukkulan kuningas,978-951-0-34705-8,2009,568
84.2 J√ÑN,"Connelly, Michael, kirjoittaja.",Palava huone,978-951-20-9924-5,2015,568
84.2,"Roberts, Nora.",Rakkauden kynnyksell√§,978-951-20-8810-2,2013,567
84.2 VI,,Lunttaava laiskiainen : 400 uutta koululaisvitsi√§,978-951-1-25543-7,2011,567
85.22 KU,"Jennings, Sharon, kirjoittaja.",Franklin saa vieraan,978-951-31-4160-8,2008,566
85.22,"Hill, Eric.",Puppe osaa laskea,951-1-16277-2,1999,564
84.2,"Russell, Rachel Ren√©e.","Nolo el√§m√§ni. 1, Olisinpa suosittu /",978-951-32-3502-4,2012,564
84.2,"Perttula, Pirkko-Liisa.",Kummitusperhe Kammoset koulutiell√§,978-951-1-25119-4,2011,564
84.2,"Parvela, Timo.",Ella ja Paterock,951-31-3130-0,2004,563
85.22,"Koivisto, Jari.",Salaper√§inen lent√§j√§,978-951-866-802-5,2011,563
59.535,"Enders, Giulia, kirjoittaja.",Suoliston salaisuus : kaikki kehomme keskeisest√§ elimest√§,978-951-1-28569-4,2015,563
84.2,"Parvela, Timo.",Ella ja kaverit menev√§t mets√§√§n,978-951-31-7190-2,2013,562
84.2,"McCall Smith, Alexander.",Limpopon yksityisetsiv√§koulu,978-951-1-27897-9,2014,562
85.22,"Lindgren, Astrid, kirjoittaja.",Peppi k√§y kaupoissa,978-951-0-41158-2,2015,562
85.22,"Bergstr√∂m, Gunilla.",Mikko Mallikas punoo juonia,978-951-31-3843-1,2007,562
84.2,"Kaarnakari, Ville, kirjoittaja.",Hakaristin leimaama,978-951-31-8012-6,2014,562
84.2,"Orkoma, Marja.",Puistotie 4,978-951-883-344-7,2012,561
84.2,"Widmark, Martin.",Sanomalehden arvoitus,978-951-31-3911-7,2008,561
62.51,"Steffensmeier, Alexander.",Suuret ajoneuvot,978-952-288-002-4,2013,561
84.2,"Manner, Max, kirjoittaja.",J√§√§kyynel,978-952-289-247-8,2015,560
84.2,"Wallace, Karen.",Kadonneet kissanpennut,978-951-883-284-6,2012,560
85.22,"Knutsson, G√∂sta.",Pekka T√∂p√∂h√§nn√§n yst√§v√§,951-20-3977-X,2000,560
84.2,"Jalo, Merja, kirjoittaja.",Jesse aarrekoira,978-951-0-40858-2,2015,559
84.2 J√ÑN,"Vala, Vera.",Villa Sibyllan kirous,978-951-20-9645-9,2014,558
84.2,"Russell, Rachel Ren√©e.","Nolo el√§m√§ni. 2, Olisinpa bilehile /",978-951-32-3528-4,2012,558
85.22,"Cousins, Lucy.",Maisa menee y√∂kyl√§√§n,978-951-0-38994-2,2012,558
84.2 D,"Nyk√§nen, Harri.",Leijonakuningas : komisario Ariel Kafkan tutkimuksia,978-952-289-106-8,2013,557
85.22,"Louhi, Kristiina.",Tomppa ja kummaa,978-951-31-4630-6,2009,556
84.2,"Cunningham, Michael, kirjoittaja.",Lumikuningatar,978-951-20-9635-0,2014,556
85.22 KU,"Wolde, Gunilla.",Sanna ja p√∂lynimuri,951-30-3353-8,1975,556
84.2,"Kivel√§, Anneli.",Uusia tuulia Katajam√§ell√§,978-951-23-4950-0,2008,556
84.2,"Hattula, Markku, kirjoittaja.",Kaukopartion kujanjuoksu,978-952-312-039-6,2014,555
84.2,"Jalo, Merja.",Jesse kylpyl√§koira,978-951-0-39349-9,2013,554
85.22,"Hill, Eric.",Puppe sirkuksessa,951-1-09034-8,1987,554
84.2,"Piekkari, Eija, kirjoittaja.",Hyyt√§v√§ hyppy : j√§nnitysromaani,978-952-202-549-4,2014,554
84.2,"Green, John, kirjoittaja.",Kaikki viimeiset sanat,978-951-0-40270-2,2014,554
,,Kuulokkeet.,,,554
84.2,"Roberts, Nora.",Avaimet onneen,978-951-20-8809-6,2012,553
84.2 D,"Nesb√∏, Jo, kirjoittaja.","Verta lumella. Osa II, Lis√§√§ verta /",978-951-0-40807-0,2015,551
84.2,"Ohlsson, Kristina.",Paratiisiuhrit,978-951-0-39698-8,2014,551
84.2,"Kallioniemi, Tuula.",Salapoliisi Konsta,978-951-1-22449-5,2008,550
84.2 J√ÑN,"Roberts, Nora, kirjoittaja.",Ker√§ilij√§,978-951-20-9971-9,2015,550
84.2,"Lindgren, Astrid.","Veljeni, Leijonamieli",951-0-06396-7,1974,550
84.2,"Hulkko, Johanna.",Geoetsiv√§t ja muinaishaudan salaisuus,978-951-23-5775-8,2014,547
84.2,"Niemel√§, Reetta, kirjoittaja.",Yst√§v√§ni Uljas,978-951-1-28325-6,2015,547
84.2 HL,"Goodhart, Pippa.",Jojon syntym√§p√§iv√§,951-882-517-3,2005,547
84.2,"Luhtanen, Sari.",Kaikkea kaunista,978-951-31-6599-4,2012,547
84.2 D,"Brown, Dan.",Inferno,978-951-0-40007-4,2013,546
84.2 D,"Kepler, Lars.",Hypnotisoija : rikosromaani,978-951-31-5274-1,2010,545
68.33,"Kondo, Marie, kirjoittaja.",KonMari : siivouksen el√§m√§nmullistava taika,978-952-279-216-7,2015,545
84.2 H ,"Perttula, Pirkko-Liisa.",Kummitusperhe Kammoset kes√§laitumilla,978-951-1-24224-6,2010,545
84.2 D,"Baldacci, David.",Kuudes nero,978-951-20-9576-6,2014,544
84.2,"Lee, Harper, kirjoittaja.",Kaikki taivaan linnut,978-951-24-0122-2,2015,544
85.22 KU,"Bergstr√∂m, Gunilla.",Mikko Mallikas ihmettelee,951-31-2536-X,2002,544
84.2,"Souri, Katariina, kirjoittaja.",Valkoinen varjo,978-951-31-7677-8,2015,543
85.32,"Barks, Carl, sarjakuvantekij√§.",Kielletyn laakson tarinat : ja muita klassikoita,978-951-32-3849-0,2014,543
84.2,"Sipil√§, Jarkko.",Muru,978-952-5918-24-3,2011,543
84.2,"Utrio, Kaari.",Oppinut neiti,978-952-5330-41-0,2011,543
84.2,,Vilustunut lumiukko : 400 uutta koululaisvitsi√§,978-951-1-26479-8,2012,542
84.2,"Nopola, Sinikka.",Risto R√§pp√§√§j√§ saa is√§n,978-951-31-6358-7,2011,542
94.13,"Lower, Wendy, kirjoittaja.",Hitlerin raivottaret : saksalaisnaisia natsien kuoleman kentill√§,978-952-300-065-0,2014,542
84.2 D,"L√§ckberg, Camilla.",Perillinen,978-951-50-1990-5,2010,542
84.2,"Jokinen, Seppo.",Piripolkka,951-23-4320-7,2002,541
84.2,"Kyr√∂, Tuomas.",Kunkku : iloittelu,978-952-234-173-0,2013,541
85.12 H,"Bradman, Tony.",Kanerva Keijun taikaloitsu,978-951-883-065-1,2010,540
84.2,"Parvela, Timo.",Ella ja kaverit karkaavat koulusta,978-951-31-8046-1,2014,539
Huumori,,Hamsterin hymypatsas,978-951-1-27408-7,2013,539
84.2,"Jansson, Anna.",Unissak√§velij√§,978-951-20-8262-9,2011,539
84.2,"Tamminen, Petri, kirjoittaja.",Meriromaani : er√§it√§ valoisia hetki√§ merikapteeni Vilhelm Huurnan synk√§ss√§ el√§m√§ss√§,978-951-1-28605-9,2015,539
84.2,Harry Potter and the Order of the Phoenix,Harry Potter ja Feeniksin kilta.,7321945593260,2007,538
84.2 D,"Jokinen, Seppo.",Koskinen ja pudotuspeli : rikosromaani,951-23-4832-2,2006,537
84.2,"Tuuri, Antti, kirjoittaja.",Pitelem√§tt√∂m√§t : romaani,978-951-1-28752-0,2015,536
85.22,"Heimonen, Satu, kirjoittaja.",T√§ytt√§ laukkaa! : opas ponien maailmaan,978-951-32-4082-0,2015,536
85.22,"Louhi, Kristiina.",Tompan uusi koti,978-951-31-6578-9,2012,536
84.2 D,"L√∂nnroth, Heleena, kirjoittaja.",Ryppyinen kostaja : j√§nnitysromaani,978-952-68149-3-3,2015,535
85.22,"Wolde, Gunilla.",Sanna menee p√§iv√§kotiin,951-31-0904-6,1996,535
84.2,"Marttinen, Annamari, kirjoittaja.",Vapaa,978-951-31-8025-6,2015,535
84.2,"Arhippa, Pirkko.",Polku pime√§√§n : j√§nnitysromaani,978-951-883-277-8,2011,535
84.2,"Harjula, Kristiina.",Pispalan kivi√§,978-951-23-5570-9,2013,534
84.2 H,"Hulkko, Johanna.",Geoetsiv√§t ja vaeltava aave,978-951-23-5709-3,2013,534
84.2 D,"Carlsson, Christoffer, kirjoittaja.",Varjot,978-951-0-40789-9,2014,534
84.2 J√ÑN,"Sten, Viveca.",Sis√§piiriss√§,978-951-0-39674-2,2013,532
84.2,"Laine, Matti.",Merkitty mies : rikosromaani,978-952-299-030-3,2014,532
85.22,"Nordqvist, Sven.",Viiru ja Kososen kukko,951-31-0861-9,1996,532
85.22,"Dale, Penny.",Dinojen pelastuspartio,978-951-883-543-4,2014,532
85.22,"Freeman, Tor.",Postikoira Pontus : etsi ja l√∂yd√§,978-951-883-625-7,2014,532
84.2,"Magee, Audrey, kirjoittaja.",Sopimus,978-952-300-117-6,2015,532
85.22,"Garfield, Todd, kirjoittaja.",Lentsikoiden maailma,978-951-32-3982-4,2014,532
84.2 D,"Slaughter, Karin.",Yli rajan,978-951-31-6915-2,2013,531
86.2,"Kirstin√§, Leena, kirjoittaja.",Kirsi Kunnas : sateessa ja tuulessa,978-951-0-40164-4,2014,531
85.22,"Arenius, P√§ivi, taiteilija.",Postimerkin arvoitus,978-951-31-8160-4,2015,530
84.2 Huumori,,Torakka t√§htisateessa,978-951-1-24371-7,2010,530
85.22,"Butler, M. Christina.",Siilin y√∂kyl√§,978-951-23-5832-8,2014,530
84.2,"Farah, Nura.",Aavikon tytt√§ret,978-951-1-27828-3,2014,530
84.2,"Green, John.",T√§htiin kirjoitettu virhe,978-951-0-40879-7,2014,529
84.2,"Widmark, Martin.",Kullan arvoitus,951-31-3763-5,2006,529
84.2,"Malvaldi, Marco, kirjoittaja.",Kolmen kortin temppu,978-951-31-7256-5,2015,528
84.2,"Ahrnstedt, Simona, kirjoittaja.",Skandaalink√§ry√§,978-951-23-5941-7,2015,527
84.2,"Hulkko, Johanna.",Geoetsiv√§t autiolla saarella,978-951-23-5844-1,2014,527
84.2,Ice age : continental drift.,Ice age 4 : mannerten mullistus,6438044331059,2012,526
85.22,"Koivisto, Jari.",Miina ja Manu Ahdin valtakunnassa,978-951-866-829-2,2012,526
84.2,"Ahern, Cecelia.",Sadan nimen mittainen matka,978-951-20-9249-9,2014,526
85.32,"Bart Simpson to the rescue, suomi",Bart Simpson : pelastusretki!,978-952-220-890-3,2015,526
85.22,"Koivisto, Jari.",Miina ja Manu : talvirieha,978-951-866-830-8,2012,526
85.22 KU,"Bagge, Tapani.",Pikku auto ja j√§ttikaivuri,978-951-31-7649-5,2014,526
84.2,"Nopola, Sinikka.",Risto R√§pp√§√§j√§ ja Nuudelip√§√§ [√Ñ√§nite] /,951-31-3514-4,2005,526
79.813,"Milton, Stephanie.",Minecraft : aloittelijan opas,978-951-28-5641-1,2014,524
85.22,"Hill, Eric.","Hyv√§√§ y√∂t√§, Puppe",978-951-1-23642-9,2009,524
99.1,"Kim, Eunsun, kirjoittaja.",Pohjois-Korea : yhdeks√§n vuoden pakomatka helvetist√§,978-952-234-239-3,2014,524
85.22,"Ruuska, Kerttu.",Elsa uimahallissa,978-952-63-1986-5,2014,524
84.2,"Larsson, √Ösa.",Uhrilahja,978-951-1-25369-3,2012,523
84.2,"H√∏eg, Peter, kirjoittaja.",Susanin vaikutus,978-951-31-8234-2,2015,523
99.13,"Houni, Pirjo.","Ei, rouva presidentti",978-951-1-27872-6,2014,523
84.2 J√ÑN,"M√§ki, Reijo.",Sahanpururevolveri : kauneimmat kertomukset,978-951-1-26927-4,2013,523
84.2,"Kallioniemi, Tuula.","Konsta, talenttit√§hti",978-951-1-25225-2,2011,522
84.2,"Coben, Harlan.",Lupaa ja vaikene,978-952-492-847-2,2014,521
84.2,"Nopola, Sinikka.",Risto R√§pp√§√§j√§ ja nukkavieru Nelli,978-951-31-6967-1,2012,521
85.22,"Kunnas, Mauri.",Koiram√§en talvi,951-1-10221-4,1988,521
84.2 Fan ,"Hunter, Erin, kirjoittaja.",Villiin luontoon,978-951-884-460-3,2009,521
84.2 D,"Lehtolainen, Leena.",Henkivartija,978-951-31-4530-9,2009,521
84.2,"Widmark, Martin.",Elokuvateatterin arvoitus,978-951-31-4036-6,2007,519
L85.22,"Havukainen, Aino.",Veera ja menopelit,978-951-1-26728-7,2012,519
84.2 D,"Staun, Susanne.",Punainen merkki,978-951-0-38863-1,2014,519
84.2,"Rissanen, Pirjo.",√Ñitienp√§iv√§,978-951-20-8479-1,2011,518
85.22 KU,"Hapka, Catherine.",Sofia ensimm√§inen,978-951-32-3752-3,2013,518
85.22 KU,The pearl princess.,Helmiprinsessa,978-951-20-9435-6,2014,518
92.73,"Keskisarja, Teemu, kirjoittaja.",Tolvaj√§rven j√§lkeen : suurtaistelun ihmisten historia,978-952-234-253-9,2014,518
85.22,"Huovi, Hannele.","Urpo, Turpo ja hirve√§ Irvisaurus",978-951-31-7143-8,2013,517
84.2 H,"Dale, Elizabeth.",Samun salainen yst√§v√§,978-951-883-517-5,2013,517
84.2,"Bj√∂rk, Marja.",Mustalais√§idin kehtolaulu,978-952-01-1077-2,2014,517
84.2,"P√§ttikangas, Eira.",Vuodet kuin unta,978-951-23-5618-8,2013,516
85.22,"Hill, Eric.",Miss√§ Puppe piileksii?,978-951-1-24198-0,2009,516
85.22,"Kunnas, Mauri.",Seitsem√§n t√§ti√§ ja aarre,951-1-19739-8,2004,516
84.2,"Hulkko, Johanna, kirjoittaja.",Geoetsiv√§t ja vesiseikkailu,978-951-23-5936-3,2015,516
85.22,"Kanto, Anneli.",Paavo Virtanen ja tytt√∂jen tavarat,978-951-23-5431-3,2011,515
85.22,"We honestly can look after your dog,suomi",Me ihan totta osataan hoitaa koiraa,978-951-0-35896-2,2010,515
84.2,"V√§is√§nen, Hannu, kirjoittaja.",Piisamiturkki ja muita kertomuksia,978-951-1-28261-7,2015,515
85.22,"Gerlings, Rebecca, kirjoittaja.",Jyrin kilpa-auto,978-951-1-28834-3,2015,515
67.41,"Niemel√§, Reetta.",Tikkum√§en talli,978-951-1-24909-2,2011,514
84.2,"Widmark, Martin.",Muumion arvoitus,951-31-3694-9,2006,514
84.2,"Tervo, Jari.",Esikoinen : romaani,978-951-0-39971-2,2013,513
85.12,"Nopola, Sinikka.","Hein√§hattu, Vilttitossu ja iso Elsa",978-951-31-7999-1,2014,513
84.2,"Tegenfalk, Stefan.",Koston vanki,978-952-5637-87-8,2014,513
85.32,"Barks, Carl, sarjakuvantekij√§.",Merik√§√§rme,978-951-32-3872-8,2014,512
84.2,"Remes, Ilkka.",Yl√∂snousemus,978-951-0-39388-8,2012,512
67.451,"Head, Honor, kirjoittaja.",Oman koiran hoito-opas : hy√∂dyllist√§ tietoa ja hauskoja vinkkej√§,978-951-23-5887-8,2015,512
84.2,"Heino, Marja-Liisa, kirjoittaja.",√Ñl√§ t√§hti putoa,978-951-0-40988-6,2015,512
84.2,"Jaatinen, Pekka, kirjoittaja.",SS-mies Valo,978-951-0-40991-6,2015,511
85.22,"Koivisto, Jari.",Miina ja Manu reissussa,978-951-866-851-3,2013,511
85.22,"Koster, Amy Sky.",Syd√§menvaltaajat,978-951-32-3882-7,2014,511
85.22,But excuse me that is my book,Se on totta viek√∂√∂n minun kirjani,978-951-0-36199-3,2010,511
85.32,,Simpsonit : Supernova,978-952-220-889-7,2014,510
85.22,"Harjanne, Maikki.",Minttu morsiusneitona,978-951-1-24734-0,2011,510
84.2,"Samartin, Cecilia, kirjoittaja.",Los Peregrinos,978-952-279-214-3,2015,510
28.714,"Ruoho, Aila.","Usko, toivo ja raskaus : vanhoillislestadiolaista perhe-el√§m√§√§",978-952-300-077-3,2014,510
84.2,"Krefeld, Michael Katz, kirjoittaja.",Kadonneet,978-952-01-1074-1,2015,510
84.2,,Risto R√§pp√§√§j√§ [Videotallenne] /,6420201176146,2008,509
85.32,"Neel, Julien.",P√§iv√§kirjael√§m√§√§,978-951-20-8461-6,2011,509
84.2,"Leino, Marko, kirjoittaja.",Syntym√§tt√∂m√§t,978-951-851-645-6,2015,508
85.22,"Kunnas, Mauri.",Puhveli-Billin l√§nnensirkus,951-1-15532-6,1998,507
84.2 D,"Kes√§vuori, Saara.",Tarkasti vartioitu,978-951-31-7424-8,2013,507
84.2,"Pulli, Elina, kirjoittaja.",Tukkasurma,978-951-52-3535-0,2015,507
85.22,"Hapka, Catherine, kirjoittaja.",Sofia ensimm√§inen : kelluva palatsi,978-951-32-3856-8,2014,507
85.22,"Koivisto, Jari, taiteilija, kirjoittaja.",Miina ja Manu : numeroaapinen,978-951-866-891-9,2015,507
84.2,"Kyr√∂, Tuomas.",Mielens√§pahoittaja,978-951-0-36642-4,2010,505
84.2 Huumori,,Hai haarukassa,978-951-1-23791-4,2009,505
84.2,"Tuomola, Johanna, kirjoittaja.",Viel√§ kerran : rikosromaani,978-952-202-608-8,2015,505
84.2,"Kyr√∂, Tuomas.","Ilosia aikoja, Mielens√§pahoittaja",978-951-0-40775-2,2014,505
3,"Dare to look, suomi",Usko tai √§l√§ : 2015,978-952-220-857-6,2014,505
84.2,"Nopola, Sinikka.",Risto R√§pp√§√§j√§ ja komea Kullervo,978-951-31-3311-5,2005,505
84.2 H ,"Perttula, Pirkko-Liisa.",Kummitusperhe Kammoset ja kev√§tt√§ kylkiluissa,978-951-1-23723-5,2009,504
84.2,"Simukka, Salla.",Punainen kuin veri,978-951-31-7123-0,2013,504
84.2,"Forsyth, Frederick.",Tappolista,978-951-1-27863-4,2014,504
84.2,"Luhtanen, Sari.",Murusia,978-951-31-7132-2,2013,504
84.2,,Risto R√§pp√§√§j√§ ja polkupy√∂r√§varas,6420291105095,2010,504
84.2 D,"Jokinen, Seppo.",Koskinen ja raadonsy√∂j√§ : rikosromaani,951-23-4822-5,2006,504
84.2,"Mustonen, Enni.",Morsiuskes√§,978-951-1-23839-3,2009,503
84.2,"Jonasson, Jonas.",Lukutaidoton joka osasi laskea,978-951-0-39516-5,2014,503
85.22,"Kunnas, Mauri.",Hauska el√§inkirja,978-951-1-27979-2,2014,502
84.2,"Hjorth, Michael.",Tunturihauta,978-952-279-070-5,2013,502
84.2,"Grebe, Camilla, kirjoittaja.",Pietarin kapellimestari,978-951-20-9466-0,2014,502
84.2,"Nopola, Sinikka.","Hein√§hattu, Vilttitossu ja √§rh√§kk√§ koululainen",978-951-31-7192-6,2013,502
85.22,"Louhi, Kristiina.",Ainon √§iti on vihainen,951-30-9416-2,1990,501
84.2,"Rinne, Liisa, kirjoittaja.",Odotus,978-952-300-123-7,2015,501
84.2,"Steel, Danielle.",P√§iv√§ kerrallaan,978-951-0-38874-7,2012,501
84.2,"Jalo, Merja.",Jesse pentukoira,978-951-0-35899-3,2010,501
85.22,"Harjanne, Maikki.",Minttu ja paras yst√§v√§,978-951-1-26890-1,2013,501
84.2,"H√§k√§mies, Kari.",Er√§√§n yhti√∂n murha : rikosromaani,978-951-851-585-5,2014,500
85.22 KU,"Bergstr√∂m, Gunilla.",Mikko Mallikas panee t√∂pin√§ksi,978-951-31-0894-6,1996,500
84.2,"Adler-Olsen, Jussi.",Vanki,978-951-20-8754-9,2012,500
84.2,"Parvela, Timo.",Ella ja kadonnut karttakeppi,978-951-31-6966-4,2012,499
85.22,"Cousins, Lucy.",Maisa k√§y kirjastossa,978-951-0-30322-1,2005,499
85.22,"M√≠ler, Zdenk.",Myyr√§n housut,9789513116972,2001,499
84.2,"Rissanen, Pirjo.",Muistot,978-951-20-8127-1,2010,499
92.87063,,Avojaloin : 20 tositarinaa Karjalan Kannakselta,978-951-20-9898-9,2015,499
85.22,"Louhi, Kristiina.",Aino ja Pakkasen Poika,951-30-9415-4,1990,498
85.22,"Bergstr√∂m, Gunilla.","Pelkki√§ solmuja, Mikko Mallikas",978-951-31-3844-8,2007,497
84.2,"Green, John, kirjoittaja.",Arvoitus nimelt√§ Margo,978-951-0-41175-9,2015,497
85.32,"Korhonen, Kari, sarjakuvantekij√§.",Ankkojen Suomi,978-951-32-3847-6,2014,497
84.2 J√ÑN,"Sandberg, Timo.",Mustam√§ki : j√§nnitysromaani,978-951-23-5693-5,2013,497
84.2,"Mustonen, Enni.",Parittomat,978-951-1-23023-6,2008,497
84.2 D,"Galbraith, Robert.",K√§en kutsu,978-951-1-28011-8,2013,497
84.2 D,"Clark, Mary Higgins.",Kadonneet vuodet,978-951-31-6801-8,2013,497
85.22,"Wolde, Gunilla.",Sanna l√§√§k√§riss√§,951-30-3926-9,1977,496
84.2,"Lindgren, Astrid.","Ronja, ry√∂v√§rintyt√§r",951-0-10855-3,1981,495
65.8,"Klang, Joachim.",Rakenna oma kaupunki : suuri Lego-palikkakirja,978-952-220-701-2,2013,495
84.2,"Jalo, Merja.",Jesse vauhtikoira,978-951-0-40104-0,2014,495
84.2 D,"Mankell, Henning.",Savuna ilmaan,978-951-1-23943-7,2010,495
85.22,"Jennings, Sharon.",Franklin haluaa olla iso,978-951-31-5339-7,2011,495
85.22,"Hill, Eric.",Mit√§ Puppe n√§kee?,978-951-1-26480-4,2012,494
84.2,"Lehtolainen, Leena.",Viimeinen kes√§y√∂ ja muita kertomuksia,951-31-3709-0,2006,494
84.2 - Kauhu,"Stine, R. L.",Nukkeni mun,978-951-0-34437-8,2008,494
84.2,"Nevanlinna, Arne.",Heta : romaani,978-951-0-40174-3,2014,493
84.2,"L√∂nnroth, Heleena, kirjoittaja.",Uhri : j√§nnitysromaani,978-952-68149-1-9,2014,492
84.2 D,"Bradley, Alan.",Kuolema ei ole lasten leikki√§,978-952-279-170-2,2014,492
84.2,"Isokallio, Kalle.",Samuli Huttusen synnyinlahja,978-951-31-8011-9,2014,492
84.2,"L√∂nn, Pasi.",Lunastaja,978-951-31-7425-5,2013,492
84.2,"Olsson, Linda.",Kaikki hyv√§ sinussa,978-951-20-8408-1,2012,492
84.2,"Kallioniemi, Tuula.",Aaveita ja avaruusolentoja,978-951-1-26327-2,2012,491
84.2,THiLO.,Delfiinitarinoita,978-951-883-627-1,2014,491
84.2 J√ÑN,"Lindell, Unni.",Sokerivalhe,978-951-0-39519-6,2013,491
67.41,"M√§ki-Kihni√§, Nina.",Tallityt√∂n k√§sikirja,978-952-220-818-7,2014,491
85.22,"KilBride, Sarah.",Hopea : lumimaan taikaponi,978-951-23-5465-8,2012,490
84.2,"Utrio, Kaari.",Vaitelias perillinen,978-951-31-4800-3,2009,489
85.22 KU,,Prinsessa ja popt√§hti,978-951-20-9433-2,2014,489
84.2,"Jokinen, Seppo.",Koskinen ja kreikkalainen kolmio,978-951-23-4089-7,2000,489
84.2,"Nopola, Sinikka.","Likka, √§ite ja rouva Obama : episodiromaani",978-951-0-39927-9,2013,489
85.22 KU,"Harjanne, Maikki.",Minttu saa oman koiran,978-951-1-21800-5,2007,489
84.2,"Gerritsen, Tess, kirjoittaja.",Salamets√§st√§j√§,978-951-1-28439-0,2015,489
84.2,The hunger games.,N√§lk√§peli [Videotallenne] /,6420291114608,2012,489
84.2,"Holmstr√∂m, Johanna, kirjoittaja.",Sulje silm√§s pienoinen,978-951-1-28502-1,2015,488
84.2,"Parvela, Timo.",Ella ja Pate,951-31-1632-8,1999,488
85.12 H,"Doyle, Malachy.",Kummitusliiga,978-951-883-137-5,2010,488
85.22,,Tuomas ja yst√§v√§t : parhaat tarinat. 1 /,978-952-7041-48-2,2014,488
84.2,"Kallioniemi, Tuula.",Kaahailua ja kepposia,978-951-1-26279-4,2011,487
85.32,,Bart Simpson : parhaat 2013,978-952-220-662-6,2013,487
84.2,"Kallioniemi, Tuula.",Pusuja ja pulmia : Reuhurinteen ala-aste,951-1-15381-1,1998,487
85.22,"Harjanne, Maikki.",Mintun l√§√§k√§rikirja,978-951-1-28276-1,2014,487
14.4,"Aron, Elaine N.",Erityisherkk√§ ihminen,978-952-240-214-1,2013,487
85.22,Secret of the wings.,Helin√§-keiju ja siipien salaisuus,978-951-32-3485-0,2012,487
84.2,"Rooney, Anne.",Ihan likainen!,978-951-883-202-0,2011,487
84.2,"Kaaberb√∏l, Lene, kirjoittaja.","Hiljainen, huomaamaton murha",978-952-234-220-1,2014,487
85.22,"Koskimies, Pirkko.",Pupu Tupunan leikkim√∂kki,978-951-32-2993-1,2010,486
84.2,"Gutman, Dan.",Riehakasta riimittely√§,978-951-32-3922-0,2014,486
85.22,"Koskimies, Pirkko.",Pupu Tupuna neuvolassa,978-951-32-3478-2,2012,486
85.22,"Snow white's royal wedding, suomi.",Lumikin h√§√§t,978-951-32-3893-3,2013,486
84.2,"Webb, Holly.",Misu tahtoo yst√§v√§n,978-951-23-5743-7,2014,485
85.22 KU,"Knutsson, G√∂sta.",Pekka T√∂p√∂h√§nt√§ K√∂√∂penhaminassa,951-20-3983-4,1992,485
85.22,"Powell-Tuck, Maudie.",Merirosvo ei pelk√§√§ pime√§√§!,978-951-883-600-4,2014,485
84.2,"Lehtolainen, Leena.",Paholaisen pennut,978-951-31-6827-8,2012,484
85.12 H,"Llewellyn, Claire.",Miisun torkut,978-951-883-062-0,2010,484
85.2,"Wolde, Gunilla.",Teemu on pieni,951-30-9068-X,1989,483
84.2,"Redondo, Dolores, kirjoittaja.",N√§kym√§t√∂n vartija,978-951-20-9438-7,2015,483
85.22,,Muumin kuutamoseikkailu,978-951-0-37128-2,2010,483
84.2,"Orkoma, Marja.",Villiruusu 6,978-951-883-217-4,2011,482
85.32,,Bart Simpson : parhaat 2014,978-952-220-847-7,2014,482
84.2,The hobbit: the desolation of Smaug.,Hobitti : Smaugin autioittama maa,6438044379778,2014,481
84.2,"Laurain, Antoine, kirjoittaja.",Punaisen muistikirjan nainen,978-951-0-40876-6,2015,481
84.2,"Hunter, Erin.",Keskiy√∂,978-951-884-487-0,2012,481
85.22 KU,,Voimistelija,978-951-20-9432-5,2013,480
84.2,"Kaaberb√∏l, Lene.",Poika matkalaukussa,978-952-234-157-0,2013,480
84.2 D,"Grisham, John, kirjoittaja.",Vuori,978-951-0-41072-1,2015,480
84.2 J√ÑN,"Tuomola, Johanna.",Murhaaja vierell√§si : j√§nnitysromaani,978-952-202-425-1,2013,479
84.2,"Ohlsson, Kristina.",Varjelijat,978-951-0-39692-6,2013,479
84.2,"Forde, Patricia, kirjoittaja.",Noidat eiv√§t pid√§ polkupy√∂rist√§,978-951-883-689-9,2015,479
84.2,"Nopola, Sinikka.","Hein√§hattu, Vilttitossu ja kielletty kampela",951-31-3412-1,2005,478
85.12,"Kurenniemi, Marjatta.",Onnelin ja Annelin talo,978-951-0-40444-7,2013,478
84.2 SOTA,"Sir√©n, Esa, kirjoittaja.",T√∂rni k√§rkeen,978-951-24-0061-4,2015,477
84.2,"Donner, J√∂rn.",Poika ja is√§ : er√§√§n rikoksen tarina,978-951-1-28207-5,2014,477
84.2,"Lehtolainen, Leena, kirjoittaja.",Oikeuden jalopeura,978-951-31-6219-1,2011,476
84.2,"Dillon, Lucy, kirjoittaja.",Ikuisen onnen salaisuus,978-951-20-9892-7,2015,476
84.2,"Doughty, Louise, kirjoittaja.",Kielletyn hedelm√§n kuja,978-952-312-096-9,2015,475
84.2,"Kolu, Siri.",Me Rosvolat,978-951-1-24393-9,2010,475
84.2,"Didierlaurent, Jean-Paul, kirjoittaja.",Lukija aamujunassa,978-951-31-8183-3,2015,474
84.2 D,"Sipil√§, Jarkko.",Rahan mets√§st√§j√§t,978-952-289-046-7,2013,474
84.2,"Rooney, Anne.",Kadonnut sukka,978-951-883-200-6,2011,474
84.2,"Luhtanen, Sari.",Tuulin viem√§√§,978-951-31-6033-3,2011,474
84.2,"Ala-Harja, Riikka, kirjoittaja.",Kevyt liha,978-952-01-1293-6,2015,473
85.22,"Bergstr√∂m, Gunilla.",Mikko Mallikas ja Mulperi,978-951-31-2747-3,2003,473
85.22,"Mikkelinen, Jerry.",Maltti & Valtti : teht√§v√§ mummolassa,978-951-52-3421-6,2014,473
84.2,"Bradley, Alan.",Piiraan maku makea,978-952-279-051-4,2014,472
85.22,"Scarry, Richard.",Maailman paras Mato Matala!,978-951-31-7729-4,2014,472
85.22,,Tuomas ja yst√§v√§t : parhaat tarinat. 2 /,978-952-7041-49-9,2014,472
84.2 H ,"Kallioniemi, Tuula.",Konsta syd√§men asialla,978-951-1-24307-6,2010,472
85.22,"Handford, Martin.",Miss√§ Vallu? : Hollywood,978-951-883-540-3,2014,472
84.2,"Shin, Kyung-sook, kirjoittaja.",Pid√§ huolta √§idist√§,978-952-264-368-1,2015,472
85.22,"Webb, Holly, kirjoittaja.",Vili eksyksiss√§,978-951-23-5912-7,2015,471
85.22,"Kirkkopelto, Katri.",Molli,978-952-288-019-2,2013,470
84.2,"Carlsson, Christoffer, kirjoittaja.",√Ñ√§ret,978-951-0-41217-6,2014,470
84.2,"Raevaara, Tiina, kirjoittaja.",Y√∂ ei saa tulla,978-952-299-063-1,2015,470
85.22,"Kunnas, Mauri.","Riku, Roope ja Ringo lent√§v√§t kuuhun",978-951-1-25807-0,2013,470
85.22,"Koskimies, Pirkko.",Pupu Tupuna leikkipuistossa,978-951-32-2681-7,2009,469
85.22 KU,"Bergstr√∂m, Gunilla.",Mikko Mallikas on oikukas,978-951-31-1010-9,1997,468
84.2,"Nopola, Sinikka.",Hein√§hattu ja Vilttitossu,951-30-9048-5,1989,468
84.2 D,"Remes, Matti.",Tappaja,978-951-31-7126-1,2013,468
84.2,"Moyes, Jojo.","Ole niin kiltti, √§l√§ rakasta h√§nt√§",978-951-20-9290-1,2014,468
85.22,"Miler, Zdenk.",Myyr√§n kellokirja,978-951-31-7821-5,2014,468
84.2,"Vuori, Kristiina.",Siipirikko,978-951-31-7084-4,2013,467
84.2,"Hassinen, Pirjo.",Sauna Paradis,978-951-1-28208-2,2014,467
84.2,"Haapanen, Atso.",Sissipartio Kannaksella,978-951-23-5809-0,2014,467
84.2,"Tuominen, Pirjo.",Alakuloinen romanssi,951-31-3710-4,2006,467
84.2,"Widmark, Martin, kirjoittaja.",Palokunnan arvoitus,978-951-31-8497-1,2015,467
84.2,"Dale, Elizabeth, kirjoittaja.",Peetu sirkuksessa,978-951-883-687-5,2015,467
85.22,"Rentta, Sharon.",P√§iv√§ el√§inten autokorjaamolla,978-951-883-589-2,2014,466
65.8,Build your own galaxy.,Rakenna oma galaksi : suuri Lego palikkakirja,978-952-220-879-8,2014,466
84.2,,Rikos : 7 rikostarinaa.,978-951-23-5810-6,2014,466
84.2,"Orkoma, Marja.",Unikkopolku 21,978-951-883-080-4,2010,466
84.2,"Andersson, Lena, kirjoittaja.",Vailla henkil√∂kohtaista vastuuta,978-952-234-299-7,2015,465
85.22,"Bergstr√∂m, Gunilla.","Lenn√§, sanoi Mikko Mallikas",951-31-1055-9,1997,464
84.2,,Valehteleva murkku : parhaat koululaisvitsit 2014,978-951-20-9644-2,2014,464
84.2,"Perttula, Pirkko-Liisa.",Kummitusperhe Kammoset,978-951-1-22868-4,2008,464
85.22,"KilBride, Sarah.",Neptunus : meren taikaponi,978-951-23-5588-4,2012,463
85.22,"Wolde, Gunilla.",Teemu kylpee,978-951-30-9066-1,1989,462
84.2,"Tuominen, Pirjo.",Tuonelan joutsen,978-951-31-6218-4,2011,461
85.22,"Hill, Eric.",Puppe mummolassa,951-1-14401-4,1996,461
99.1,"Korhonen, Marja, kirjoittaja.",H√§iv√§hdyksi√§ : erityinen el√§m√§ni,978-952-202-566-1,2014,461
85.22,Brave.,Urhea,978-951-32-3476-8,2012,461
85.22,"Forde, Patricia.",Siilit eiv√§t pid√§ korkeista paikoista,978-951-883-272-3,2011,461
84.2,"H√§meen-Anttila, Virpi.",Tapetinv√§rinen : toisten muistelmia,978-951-1-26448-4,2012,461
84.2,"Jungstedt, Mari.",Kev√§√§n kalpeudessa,978-951-1-24513-1,2011,460
84.2 D,"Arhippa, Pirkko.",Kipunuora : j√§nnitysromaani,978-951-883-138-2,2010,460
85.22,"Wolde, Gunilla.",Sanna ja pikkuveli,978-951-31-2384-0,2002,460
85.22,"Rooney, Anne.",Hammashuolia,978-951-883-201-3,2011,460
84.2,"Kummu, Essi.",Lasteni tarina,978-951-31-8013-3,2014,460
85.12 H,"Doyle, Malachy.",Jalkapalloaaveet,978-951-882-942-6,2009,460
79.3709,"Mennander, Ari, kirjoittaja.",Teemu,978-951-1-27435-3,2014,459
84.2 D,"Tabet, Sirpa.",Kaikki kaupan,978-952-289-109-9,2013,459
84.2,"Jalo, Merja, kirjoittaja.",Salaisuuksien torni,978-951-0-40711-0,2015,459
99.15,"Worth, Jennifer, kirjoittaja.","Hakekaa k√§til√∂!. 3, J√§√§hyv√§iset nunnille /",978-951-1-28570-0,2015,459
85.22,"Lagonegro, Melissa.",Martin paras syntym√§p√§iv√§,978-951-32-3503-1,2012,459
84.2,"Higgins, Jack.",Kuoleman asiamiehet,978-951-20-9519-3,2014,458
85.22,,Siniset sankarit,978-951-1-26063-9,2012,458
84.2,"Odgers, Darrel.",Nappi ratkaisee,978-951-32-3937-4,2014,458
84.2,"Noronen, Paula.",Supermarsu palaa tulevaisuuteen,978-951-31-7799-7,2014,458
84.2,,Ella ja kaverit,6430050250027,2013,458
84.2 D,"Lehtolainen, Leena.",Minne tyt√∂t kadonneet,978-951-31-5625-1,2010,458
85.22,"Miler, Zdenk.",Myyr√§n sateenvarjo,978-951-31-7019-6,2014,458
85.22,"Kaarla, Riina.",Muumipeikko lent√§√§ : luukkukirja!,978-951-31-7117-9,2013,457
84.2,"McKay, Hilary.",Milla ja y√∂lliset ongelmat,978-951-883-640-0,2014,457
85.22,Tinker Bell and the pirate fairy.,Helin√§-keiju : merirosvokeiju,978-951-32-3953-4,2014,457
84.2,"Kallioniemi, Tuula.","Konsta, kovanaama",978-951-1-23725-9,2009,457
84.2,"Nordqvist, Sven.",Viiru muuttaa [√Ñ√§nite] /,978-951-31-6968-8,2012,456
84.2,"Hurme, Juha.",Nyljetyt ajatukset,978-951-851-570-1,2014,456
85.22,"Kunnas, Mauri.",Koiram√§en talossa,951-1-05857-6,1980,456
85.22,"Rogerson, Gillian.",Pinkabella ja kultainen kummit√§ti,978-951-20-9653-4,2014,456
84.2,"James, P. D.",Valepotilas,978-951-1-25934-3,2013,456
85.22,"Havukainen, Aino.",Veeran keitti√∂puuhat,978-951-1-28003-3,2014,456
84.2,"Hunter, Erin, kirjoittaja.",N√§k√∂,978-951-884-541-9,2015,455
85.32,,Simpsonit : jytkypaukku,978-952-220-412-7,2011,455
84.2,Ronja r√∂vardotter,Ronja ry√∂v√§rintyt√§r.,6420614601556,2003,455
84.2,"Nopola, Sinikka.","Hein√§hattu, Vilttitossu ja tanssiva konstaapeli",951-31-2818-0,2003,455
84.2 H,"Fine, Anne.",Pipsa ja punainen ilmapallo,978-951-883-519-9,2013,455
85.32,,Sukset ristiss√§,978-951-32-3853-7,2014,455
84.2,"Mustonen, Enni.",Nimett√∂m√§t,951-1-19759-2,2004,454
85.22,"Best friends forever, suomi",Parhaat kamut,978-951-1-28829-9,2015,454
99.13,"Viinanen, Iiro, kirjoittaja.",Vaaran vuodet 1991-1995 : muistelmia ja p√§iv√§kirjamerkint√∂j√§,978-952-299-032-7,2014,454
84.2,"S√∂derberg, Alexander, kirjoittaja.",Kolumbialainen liitto,978-951-20-9089-1,2015,454
84.2,"Steel, Danielle.",Lurjus,978-951-0-37778-9,2011,454
84.2 D,"Cook, Robin, kirjoittaja.",Nano,978-951-20-9619-0,2014,454
85.12,"Nordqvist, Sven.",Viiru ja Pesonen telttaretkell√§,978-951-31-4820-1,2009,453
84.2 D,"Jungstedt, Mari.",Aamun h√§m√§riss√§,978-951-1-23941-3,2010,453
84.2,"Nopola, Sinikka.",Risto R√§pp√§√§j√§ ja kauhea makkara,951-31-3310-9,2005,453
85.22,"L√§ckberg, Camilla.",Super-Santtu,978-951-23-5754-3,2014,453
84.2,"Marttila, Johanna.",Lemmenkukkia,951-23-4732-6,2006,452
84.2,"Impey, Rose.",Piraatti-Pete ja varastettu aarre,978-951-883-150-4,2011,452
40.8,"Virtanen, Rauli, kirjoittaja.",Reissukirja : matkalla kaikissa maailman maissa,978-951-0-40494-2,2014,452
84.2 D,"Nesb√∏, Jo.",Torakat,978-951-0-34900-7,2009,451
84.2,"King, Stephen, kirjoittaja.",Tervetuloa Joylandiin,978-951-31-7860-4,2015,450
84.2,"Hall, Tarquin, kirjoittaja.",Vish Puri & lemmenkommandojen tapaus,978-951-20-9740-1,2015,450
85.22,Barbie in the pink shoes.,Barbie ja taikatossut,978-951-20-9427-1,2013,450
84.2,"Roberts, Nora.",Valkokankaan varjot,978-951-20-8411-1,2012,450
84.2 J√ÑN,"Child, Lee.",Etsint√§kuulutettu,978-951-23-5677-5,2013,449
85.12 H,"Impey, Rose.",Piraatti-Pete ja aarrekartta,978-951-883-091-0,2010,449
84.2 H,"Barrows, Annie, kirjoittaja.",Isa+Bea,978-82-305-1833-5,2014,449
84.2,"Lehtinen, Tuija, kirjoittaja.",Jatkoaika,978-951-1-29065-0,2015,449
85.22,"Nopola, Tiina.",Siiri ja Kertun kirppu,951-31-3731-7,2006,449
84.2 HL,"French, Vivian.",Tuomo Tipun uudet keng√§t,951-882-519-X,2005,449
99.1,"Putkinen, Matti, kirjoittaja.","Vanki, vakooja, sissi",978-952-300-121-3,2015,449
84.2,"Kallioniemi, Tuula.",Konsta leirikoulussa,978-951-1-26490-3,2012,448
84.2,"Vaahtera, Veera.","Rakkautta, vahingossa",978-951-31-7134-6,2013,448
84.2,"Hurma, Nina.",Hatuntekij√§n kuolema,978-951-20-9720-3,2014,448
84.2,"Lehtolainen, Leena.",Luonas en ollutkaan,978-951-31-3861-5,2007,448
85.22,"Duddle, Jonny.",Gigantosaurus,978-951-23-5831-1,2014,448
84.2,"Sepp√§l√§, Juha.",Matka aurinkoon : romaani,978-951-0-40480-5,2014,448
84.2,"Bl√¶del, Sara.",Vain yksi el√§m√§,978-951-23-5573-0,2014,447
85.22,"Koivisto, Jari.",Miina ja Manu reporttereina,978-951-866-820-9,2012,447
84.2,,Ella ja kaverit 2 : Paterock,6430050250102,2014,447
84.2,"Bradman, Tony.",Muumioiden yll√§tysjuhlat,951-882-477-0,2005,447
84.2,"Ahrnstedt, Simona.",Unelmia & yll√§tyksi√§,978-951-23-5569-3,2013,446
84.2,Lego star wars : the padawan menace.,Lego star wars : oppipojan seikkailut [Videotallenne].,6438044310450,2012,446
85.22,"Nopola, Tiina.",Siiri ja kolme Ottoa,951-31-1874-6,2002,446
85.12 H,"Agnew, Kate.",Dinosaurusp√§iv√§,978-951-883-135-1,2010,446
85.12,"Lindgren, Astrid.",El√§k√∂√∂n Eemeli [√Ñ√§nite] /,951-0-29097-1,2004,445
85.22,"Jansson, Tove, kirjoittaja.",Muumit Rivieralla,978-951-0-40853-7,2014,445
84.2,,Onneli ja Anneli,6420201160213,2014,445
84.2,"Soininvaara, Taavi.",Toinen peto,978-951-1-27378-3,2013,445
84.2,"Atkinson, Kate.",El√§m√§ el√§m√§lt√§,978-951-52-3358-5,2014,445
84.2,"Ollikainen, Milla.",Veripailakat,978-952-01-0935-6,2013,444
84.2 Fan,"Rowling, J. K.",Siuntio Silos√§keen tarinat,978-951-31-4801-0,2009,444
84.2,"Mustonen, Enni.",Mustasukkaiset,951-1-20456-4,2005,444
84.2,"Hislop, Victoria.",El√§m√§nlanka,978-952-279-050-7,2014,444
85.22,"Hill, Eric.",Puppe menee juhliin,951-1-12330-0,1992,444
58.13,Snakes and reptiles.,K√§√§rmeet ja liskot,978-952-492-780-2,2013,444
84.2,"Hunter, Erin, kirjoittaja.",Sinit√§hden tarina,978-951-884-529-7,2014,443
84.2 D,"Nesser, H√•kan.",Herra Roosin tarina : rikosromaani,978-951-31-7110-0,2013,443
85.22,"Korolainen, Tuula.",Muumien v√§rik√§s p√§iv√§,978-951-31-5973-3,2011,443
85.12,"Kurenniemi, Marjatta.",Onnelin ja Annelin talo,978-951-0-34069-1,2008,443
84.2,"Lindstedt, Laura, kirjoittaja.",Oneiron : fantasia kuolemanj√§lkeisist√§ sekunneista,978-951-851-544-2,2015,442
84.2,"Kallioniemi, Tuula, kirjoittaja.",El√§k√∂√∂n Reuhurinne!,978-951-1-29063-6,2015,442
84.2,Harry Potter and the half-blood prince.,Harry Potter ja puoliverinen prinssi.,5051895024690,2009,442
85.32,,Simpsonit : parhaat 2012,978-952-220-477-6,2012,442
85.22,"Kunnas, Mauri.",Hullunkurinen lintukirja,978-951-20-7778-6,1987,442
85.22,"Harjanne, Maikki.",El√§k√∂√∂n Minttu,978-951-1-22944-5,2008,442
3,Strikingly true.,Usko tai √§l√§! : 2014,978-952-220-711-1,2013,441
84.2,"Peura, Maria.",Ja taivaan t√§hdet putoavat,978-951-851-430-8,2014,441
84.2,Lou!,Mimun maailma. 1.,6416548553214,2011,441
84.2,"Kyr√∂, Tuomas.",Kerj√§l√§inen ja j√§nis,978-952-234-068-9,2011,440
84.2,"Gutman, Dan.",Pillastunut sijainen,978-951-32-3789-9,2013,440
84.2 D,"Clark, Mary Higgins, kirjoittaja.",Tuhkimomurha,978-951-31-8463-6,2015,440
84.2,"Harman, Patricia.",Hope Riverin k√§til√∂,978-952-279-049-1,2014,440
99.1,"Montonen, Pia Maria.",Valtakunnan mini√§ : Brita Kekkonen,978-951-0-40241-2,2014,440
85.22,"Buckingham, Matt.",Arkajalka Artturi,978-951-883-542-7,2014,439
85.22,"Bagge, Tapani.",Rohkea pikku auto,978-951-31-7106-3,2013,439
84.2 D,"Verdon, John.",Tappakaa Peter Pan,978-951-20-9582-7,2014,439
85.22,"Rentta, Sharon.",P√§iv√§ el√§inten paloasemalla,978-951-883-334-8,2012,439
85.22,"Knapman, Timothy, kirjoittaja.",Hirvi√∂ tuli taloon!,978-951-883-657-8,2015,439
85.22,"Cousins, Lucy.","Maisa, Keke ja heiluva hammas",951-0-31510-9,2006,438
84.2,"Jalo, Merja.",Jesse p√§√§si√§iskoira,978-951-0-40103-3,2014,438
68.051,,Kodin kuvalehti.  2015 : 2,0023-2610,1967,438
85.22,"Child, Lauren.",Himpun verran n√§kym√§t√∂n,978-951-0-37830-4,2011,438
85.22,"Butler, M. Christina.",Kaapo Kanin k√§nkk√§r√§nkk√§,978-951-882-933-4,2009,437
84.2,"Marttila, Johanna.",Helkalan kilpakosijat,978-951-23-5870-0,2014,437
84.2 D,"Peura, Nina.",Y√∂pakkasia,978-951-883-532-8,2014,437
84.2,"Misko, Anna.",Armovuosi,978-952-492-842-7,2014,437
85.22,"Korolainen, Tuula.",Kissa Killin kiukkupussi,978-951-31-3896-7,2007,437
84.2,"Kallioniemi, Tuula.",Karoliina ja vallaton pentu,978-951-1-26001-1,2012,436
79.37,"Diamond, Dan, kirjoittaja.",J√§√§kiekon enn√§tyskirja 2015,978-952-220-869-9,2014,436
84.2 HELP,"Kallioniemi, Tuula.",Konsta ja n√§kym√§t√∂n Niklas,978-951-1-21935-4,2007,436
85.22,"Chiew, Suzanne, kirjoittaja.",M√§yr√§ ja hirmuinen myrsky,978-951-883-658-5,2015,436
84.2,"Laaksonen, Heli, kirjoittaja.",L√§htisiks f√∂li?,978-951-1-29064-3,2015,436
85.22 KU,"Koskimies, Pirkko.",Pupu Tupuna p√§iv√§kerhossa,978-951-32-3101-9,2011,436
85.22,"Falk, Tanja.",Lumoavat prinsessat : opas prinsessojen maailmaan,978-951-32-3955-8,2014,436
84.2,"Barreau, Nicolas.",Pieni elokuvateatteri Pariisissa,978-951-31-7794-2,2014,436
3,It can't be true.,Ei voi olla totta!,978-952-220-850-7,2014,436
85.22,"Miler, Zdenk.",Myyr√§ ja vihre√§ t√§hti,978-951-31-6866-7,2012,436
85.32,Simpsons confidential.,Simpsonit : salaiset kansiot,978-952-220-557-5,2012,435
84.2,"Liksom, Rosa.",Hytti nro 6 : kertomus,978-951-0-38274-5,2011,435
84.2,"Gerritsen, Tess.",Eloonj√§√§nyt,978-951-1-26784-3,2012,435
84.2 D,"Johansson, J. K.",Laura,978-951-31-7005-9,2013,435
84.2,Tinker Bell,Helin√§-keiju.,8717418109486,2008,435
84.2,The Lego movie.,The Lego movie,5051895255520,2014,435
85.22,"Bennett, Elizabeth.","Iso ja pieni, parhaat yst√§v√§t",978-951-883-560-1,2014,435
84.2,"Harris, Charlaine, kirjoittaja.",Kuiskauksia haudan takaa,978-951-20-9623-7,2014,434
85.22,"Appelgren, Tove.",Vesta-Linnea kuunvalossa,978-951-31-7339-5,2013,434
61.4,,Dell : [Vostro 3549].,,2015,434
67.451,"Swinney, Nicola Jane, kirjoittaja.",Koirat : koirayst√§v√§n kirja,978-952-220-945-0,2015,434
84.2 HELP,"Benjamin, A. H., kirjoittaja.",Haaveiden satuprinssi,978-951-883-620-2,2014,434
85.22,"KilBride, Sarah.",T√§hdikki : aavikon taikaponi,978-951-23-5589-1,2012,434